source,target,p-value,model
Hbp1,Dlg1,0.0,-1
Gatad2b,Myst3,0.0,-1
Nfkb2,Klf13,0.0,-1
Dedd2,Zfand2b,0.0,1
Pias4,2410002I01Rik,0.0,-1
Pias4,Trappc9,0.0,-1
Maf1,Fbxl14,0.0,-1
Csde1,Mpnd,0.0,-1
Klf13,Nfkb2,0.0,-1
Rfx1,Wipf2,0.0,-1
Pbx2,Taf8,0.0,-1
Myst3,Gatad2b,0.0,-1
E4f1,Zfyve27,0.0,-1
Arid5b,Rnf169,0.0,-1
Churc1,Plscr3,0.0,-1
Taf8,Pbx2,0.0,-1
Thrb,Rpl34,2.366194007069314e-237,-1
Son,1110008F13Rik,1.2908865269565009e-172,1
Hmgb1,Tmpo,3.3724314181579645e-160,-1
Tmpo,Hmgb1,3.372431418167768e-160,-1
Thra,Nubp2,3.959653199108328e-145,-1
E4f1,Clk2,4.443486875650935e-109,-1
Hmgb1,Srsf1,1.1944496711060592e-105,-1
Snai2,Col3a1,1.363429007947381e-105,-1
App,Tfb1m,1.1599866434503269e-94,-1
Snai2,Ccdc80,3.7260126346757356e-61,-1
Hmgb1,Rpl13a,1.3239686866895708e-52,-1
Hmgb1,Set,7.693595593419727e-51,-1
Set,Hmgb1,7.693595593420274e-51,-1
Tardbp,Zfp266,2.3048598769769398e-49,-1
Set,Ptges3,6.587211604765328e-47,-1
Sarnp,Tsen15,3.627860384248039e-45,-1
Rere,Glyat,1.1108036860533104e-43,-1
Ilf2,Ranbp1,4.703117563213377e-43,-1
Hmgb1,Dkc1,1.6084803638042034e-41,-1
Gmeb2,Fam54b,3.554141925768101e-41,1
Set,Prmt1,4.277375082097102e-41,-1
Drap1,Mrps18a,1.5854545174623427e-40,1
Pias4,Zfand2b,7.409181570554306e-40,-1
Hmgb1,Anp32b,1.2532953875546705e-36,-1
Chd8,Ddx54,3.5487217359447416e-36,-1
Zfp295,Morc3,1.9711190484867058e-35,-1
Pknox1,Bag6,2.057203116891636e-35,-1
Safb,Zfand2b,7.530700313266969e-35,-1
Irf2,Psmb10,1.1299263651125907e-33,1
Zzz3,Iws1,1.970571685323988e-33,-1
Tcf12,Hmg20a,2.771388165362049e-33,1
Phb,Ptges2,2.771388165362049e-33,1
Hmg20a,Tcf12,2.771388165362049e-33,1
Ptges2,Phb,2.771388165362049e-33,1
Mtf1,Mta3,2.780481389112968e-33,1
Zfp276,Irf3,2.780481389112968e-33,1
Irf3,Zfp276,2.780481389112968e-33,1
Mta3,Mtf1,2.780481389112968e-33,1
Nfe2l2,Tpst1,3.286717545410194e-33,-1
Chd1,Prpf38b,6.900737930881947e-33,-1
Tcea3,Abcc9,7.831383191074538e-32,-1
Gon4l,Rnft1,1.6775139511024002e-31,-1
Rere,Asgr1,2.5885229608997266e-31,-1
Ilf2,Smc2,9.405513951257717e-31,-1
Zfp593,Ddx54,1.8648262292646874e-30,-1
Irf2,Tapbpl,3.667639147175205e-30,-1
Hmgb1,2700094K13Rik,4.2585703381787e-30,-1
Hmgb1,Hnrnpu,7.299619012237391e-30,-1
Chd1,Snrnp48,2.056670943337624e-29,-1
Naca,Rpl13a,4.876860114391705e-29,-1
Ppp1r8,Prmt1,1.3592254179129404e-28,-1
Atf1,Zfp335,3.6913530909551914e-27,1
Irf1,Gsdmd,7.40851468351857e-27,-1
Tcea3,Prkaa2,7.891483784458759e-27,-1
Zkscan14,Sac3d1,8.847710828399433e-27,1
Ilf2,Tmpo,1.0299840138860712e-26,-1
Tmpo,Ilf2,1.0299840138871358e-26,-1
Yap1,Ccdc80,6.548588834200625e-26,-1
Rfc1,Hars,1.215257994900123e-25,-1
Irf2,Rtp4,2.334759829608714e-25,1
Rbck1,Asna1,3.985525352706851e-25,-1
Snai2,Serpinh1,5.4788310328171895e-25,-1
Srrt,Pabpn1,6.491198160414305e-25,-1
Pknox1,Tnpo2,2.1822405531874104e-24,-1
Rere,Fgg,1.4176963253199668e-23,-1
Snai2,Col1a1,3.207535969760671e-23,-1
Hmgb1,Rpl8,1.9098742897714511e-22,-1
Rbck1,Dctn2,2.5914470902495607e-22,-1
Ubp1,Yy1,5.494430347236961e-22,-1
Bahd1,Ttc23,2.86779401458937e-21,-1
Tcf7l1,Cnnm2,8.905751789538762e-21,-1
Irf2,Dtx3l,1.0832165950358676e-20,1
Zfx,Socs4,1.2277515201894489e-20,-1
Zfp280c,Taf1d,1.8969070653673092e-20,-1
Cry1,Kdm3a,3.744134438158796e-20,-1
Zkscan14,Fam126a,5.54310745927368e-20,-1
Pcna,Naca,5.942329289639582e-20,-1
Naca,Pcna,5.942329289643088e-20,-1
Irf2,Ifi35,3.886102975424875e-19,1
Mterfd3,Alpl,4.275527363900748e-19,-1
Cnbp,Rpl22,5.66814457100369e-19,1
Hmg20b,8430410K20Rik,6.040347037908494e-19,-1
Smarca5,Terf1,1.3424711286429564e-18,-1
Snai2,Col1a2,1.3975822942193174e-18,-1
Mnt,Ddx54,1.6775016986138258e-18,-1
Npm1,Rps3a,1.7669790505172108e-18,-1
Snai2,Copz2,2.078767213400448e-18,-1
Chd1,Rpl30,2.8415417823771633e-18,-1
Zfp36,AW112010,6.0603784786684826e-18,-1
Klf9,Pde8a,1.3249515520448724e-17,1
Hmgb1,Snrpg,1.3568071981551328e-17,-1
Gmeb2,Arid5b,1.9021690321385624e-17,1
Hdac4,Foxj2,1.9021690321385624e-17,-1
Arid5b,Gmeb2,1.9021690321385624e-17,1
Foxj2,Hdac4,1.9021690321385624e-17,-1
Zhx1,Zbtb44,1.9021690321385624e-17,1
Rxrg,Sod2,1.9021690321385624e-17,1
Zbtb44,Zhx1,1.9021690321385624e-17,1
Sod2,Rxrg,1.9021690321385624e-17,1
Irf2,Tap2,4.108681336945568e-17,1
Zfp524,Ppp2ca,4.1095619601205364e-17,1
Ctnnb1,Add1,4.2508310192537684e-17,-1
Vps72,Hmg20b,4.410497855300112e-17,-1
Ppard,Cdc42ep5,4.8300442311829185e-17,-1
Stat5a,Tnpo2,5.925630416940389e-17,-1
Rere,Serpina3m,6.926774690873884e-17,-1
Rbck1,Mlf2,1.1130705979241484e-16,-1
Elk4,Tpt1,2.4639116705722882e-16,-1
Irf2,Erap1,3.570699468930024e-16,1
Naca,Rpl11,3.75872247217014e-16,-1
Rere,Tmem164,4.0901555385809795e-16,-1
Phf21a,Smchd1,5.92408885413638e-16,-1
Hmgb1,Npm1,6.888566104636889e-16,-1
Crebzf,Rev1,8.257792770741149e-16,-1
Zbtb6,Ppp2ca,9.25333257278876e-16,-1
Irf6,Rhpn2,1.0615752772099187e-15,1
Tardbp,Gtf3c2,1.985804732940598e-15,-1
Creb1,Zfx,1.9896917471829587e-15,-1
Zfx,Creb1,1.989691747183535e-15,-1
Fubp1,Morc3,2.541002261743373e-15,-1
Irf2,Gvin1,2.794048554030254e-15,1
Zfp787,Eif2ak1,4.17075653694714e-15,-1
Hmgb1,Rpl7,4.561962460982206e-15,-1
Rbbp8,S1pr1,6.26009790219683e-15,-1
Ctnnb1,Hcfc1,1.0167358671168853e-14,-1
Hdac3,Lmnb1,1.0817715227420322e-14,-1
Ilf2,Fbl,1.2741810773141061e-14,-1
Topors,Terf1,1.924376951504934e-14,-1
Ash1l,Dnajb14,2.0446914080673164e-14,-1
Zfp161,Zfp790,2.072735953577227e-14,-1
Irf2,Trim14,2.4959537942093832e-14,1
Smarcc1,Nvl,2.7857607432164992e-14,-1
Yap1,Col3a1,3.031738158232825e-14,-1
Irf2,Ikbke,3.513541698227774e-14,1
Drap1,Sav1,3.7207675994182146e-14,1
Snai2,Col6a1,6.401562090710547e-14,-1
Trim33,Ing2,7.250807134394932e-14,1
Foxa1,Abcc3,7.599725299653571e-14,1
Atf1,Cdc123,7.650402359603434e-14,-1
Gtf2e1,Denr,1.1730048628985553e-13,-1
Rest,Ing5,1.516659469693529e-13,-1
Ilf2,Tcerg1,1.6168588047507281e-13,-1
Naca,Rps26,1.945052772304496e-13,-1
Zfp768,Mtif3,2.7042043545280273e-13,-1
Kdm1a,Mtf2,3.458244542801725e-13,-1
Bahd1,Ttpa,3.729427041609882e-13,-1
Zfp653,Vps4b,4.309560032657811e-13,-1
Zfp280c,Hnrnpa1,4.3149900007916605e-13,-1
Hmgb1,Magoh,4.491418378831576e-13,-1
Med6,Myef2,4.70034431849566e-13,-1
Tcf7l1,Fat1,5.042197359299693e-13,-1
Yap1,Col1a2,5.043425039026216e-13,-1
Dmtf1,Tubgcp5,5.237602606460941e-13,-1
Rere,Ddt,5.903873568730797e-13,-1
Rora,Steap4,6.301598632951636e-13,-1
Zfp513,Cc2d1a,8.112831346675559e-13,-1
Ubp1,Wdr61,8.432410864527659e-13,-1
Bahd1,Vps4a,9.208362332773272e-13,-1
Cnbp,Nup85,9.437472447576063e-13,-1
Rfx1,Snx24,1.2907680603945291e-12,-1
E2f8,Zrsr1,1.3038448537976458e-12,-1
Mga,Zfp568,1.3950131117961886e-12,-1
Zfp280c,Eri1,1.4871171775438738e-12,-1
Naca,Rpl8,1.517514153685358e-12,-1
Hltf,Snx13,1.878503055792572e-12,-1
Bdp1,Kin,1.979360622341702e-12,-1
Naca,Rpl19,2.0608525823887467e-12,-1
Ppp1r8,Ier3ip1,2.513679679271858e-12,1
Yap1,Col1a1,2.647900255028335e-12,-1
Taf1d,Trmt11,3.468894033733698e-12,-1
E2f3,Hmgb3,3.7275960421834515e-12,-1
Ppp1r8,Man1a,4.677242472059405e-12,1
Hes1,Fat1,4.873228816825478e-12,-1
Nfix,Rnf217,5.582451165801178e-12,-1
Rxrg,Eno3,5.809088058379039e-12,-1
Mybbp1a,Eif3c,7.591200903817064e-12,-1
Xrcc5,Trim23,8.687158558507254e-12,-1
Zkscan17,Vasn,9.259415898541853e-12,-1
Zfp292,Pank3,1.067224532823848e-11,1
Taf1,Mapk1,1.1388761616725194e-11,-1
Zfp280c,Tardbp,1.3438751830611598e-11,-1
Tardbp,Zfp280c,1.3438751830613138e-11,-1
Irf2,Irgm2,1.3475716019422006e-11,1
Kdm1a,Msh6,1.3533290047710967e-11,-1
Snapc4,Dph2,1.3898320324613837e-11,-1
Hdac1,Tmem205,1.565769250655027e-11,-1
Naca,Rps3a,1.6731123279295597e-11,-1
Mybbp1a,Adsl,1.9065428259022755e-11,-1
Nr1i2,9530008L14Rik,2.1960910870290144e-11,-1
Klf15,AI464131,2.2253707574093397e-11,-1
Gtf2e2,Zmynd19,2.712156170547744e-11,-1
Kdm5a,Rictor,2.8923094967855728e-11,1
Naca,Ranbp1,3.2773435229554407e-11,-1
Snai2,Lhfp,3.973225823957765e-11,-1
Zkscan14,Fstl1,4.764026296897037e-11,-1
Yy1,Nup153,4.828470300923929e-11,-1
Ilf2,Snrpa1,5.1301788949896144e-11,-1
Bdp1,Tubgcp5,5.25230836107107e-11,-1
Nr1h4,Myo6,6.020276815992253e-11,-1
Hnf4a,Tfpi2,6.206587217632825e-11,-1
Gabpb1,Cd2bp2,6.877048667689166e-11,-1
Rere,Cyp2r1,8.815557194690515e-11,-1
Ilf2,Hmgb1,1.0382241312912107e-10,1
Hmgb1,Ilf2,1.0382241312918094e-10,1
Ddx1,Haus3,1.0604257502467028e-10,-1
Rxrg,Mrpl30,1.1383284345387367e-10,-1
Taf6,B2m,1.3271611959612484e-10,-1
Naca,Rplp2,1.3667449349757797e-10,-1
Hnf1b,Acsm1,1.4010918130679943e-10,1
Gabpa,Zfp944,1.5421219996853778e-10,1
Phf21a,Srsf11,1.6478432097103894e-10,-1
Epas1,Serping1,1.6590882257876447e-10,-1
Wbp7,Gtf2e1,1.7144537547002986e-10,-1
Zkscan14,Tubd1,1.8385029130869448e-10,-1
Hmg20b,Sdhc,2.392518513432805e-10,-1
Hdac3,Rfc3,2.66436310015696e-10,-1
Tcf7l1,Nomo1,2.831076422479149e-10,-1
Zfp326,Zfp932,2.861951965300584e-10,-1
Cnbp,Sfr1,3.256733045925499e-10,-1
Tardbp,Trmt11,3.486683154393867e-10,-1
Ilf2,Rcc2,3.553750533021658e-10,-1
Smarcc1,Mtf2,3.731711862983595e-10,-1
Zbtb16,Gpr146,3.786039564727743e-10,-1
Cnbp,Cse1l,3.89573029606714e-10,-1
Tmf1,Trip11,4.600485431963126e-10,-1
Irf1,Irf7,4.619543692898225e-10,1
Irf7,Irf1,4.619543692899258e-10,1
Zkscan14,Nat9,4.689893504755634e-10,1
Hmgb1,Rpl7a,4.921031811994888e-10,-1
Ilf2,Eif2s3x,5.224651916995413e-10,-1
Klf9,Hsd11b1,5.384937863294071e-10,-1
Smad5,Zfand2b,5.745231571698927e-10,1
Wbp7,Arhgdia,6.293916150957719e-10,-1
Nr1d2,4933411K20Rik,6.33370241359186e-10,1
Nfe2l2,Casp7,6.665000406674094e-10,-1
Gtf2f2,Aptx,7.082759697740998e-10,1
Hnf4a,Fmo4,8.350796805592653e-10,-1
Nfil3,Iqgap1,8.935149672644085e-10,1
Irf1,AW112010,9.293014667970314e-10,-1
Zzz3,Ubl7,1.1766882706324655e-09,-1
Ruvbl2,Rps19,1.3506721057357788e-09,-1
Med6,Pitrm1,1.409376378444802e-09,-1
Psip1,Klhl7,1.48916666668892e-09,1
Snai2,Lum,1.7757463281053397e-09,-1
Phf21a,Riok1,1.839841709433098e-09,-1
Atoh8,Ppp2ca,2.0055343748961185e-09,1
Stat1,Dtx3l,2.0306391202764203e-09,-1
Zhx3,Slc17a1,2.053312383384611e-09,-1
Myc,Sox9,2.066596765722318e-09,-1
Ilf2,Nop58,2.0744757868143415e-09,-1
Cebpa,1500003O03Rik,2.171410482133613e-09,1
Tada2a,Cacybp,2.3110862109142637e-09,-1
Hnf4a,Hpd,2.3616450486028685e-09,-1
Taf9,Pitrm1,2.3993545143199884e-09,-1
E2f8,Rcc1,2.5509075377001195e-09,-1
Pias4,Upf1,2.6152292379733287e-09,-1
Rnf141,Prmt10,2.6632277320243597e-09,-1
Bcor,Nup153,2.6938471350183906e-09,-1
Taf6,Rbbp5,2.700071326340277e-09,-1
Zfp280d,Ddx50,2.7232825876636613e-09,-1
Cnbp,Snrpe,2.749140514577697e-09,-1
Sarnp,Ccdc90a,2.762199855975299e-09,-1
Ezh1,Dirc2,2.7678159447522653e-09,-1
Med6,Ncbp2,2.778891922086323e-09,-1
Zscan12,Tarsl2,2.797238273625544e-09,-1
Ssrp1,Nap1l1,2.982773824651712e-09,-1
Zfp110,B3galnt2,2.993920840519836e-09,1
Epas1,Ntn4,3.493016597977001e-09,-1
Atoh8,Hamp,3.752582334015931e-09,-1
Cnbp,BC018507,4.172655628157489e-09,-1
Gtf2f2,Thap6,4.256280699617274e-09,-1
Stat1,Irf2,5.128616480442894e-09,-1
Irf2,Stat1,5.128616480443338e-09,-1
Bcor,Rsbn1,5.231422579774858e-09,-1
Kdm1a,Rnps1,5.4059778360472565e-09,-1
Pcna,Man1a,5.822961153301436e-09,1
Gtf2e2,Eif3g,5.902538251103626e-09,-1
Smarcal1,2200002D01Rik,6.003117873117064e-09,-1
Cebpa,C1ra,6.083753245301293e-09,-1
Zhx3,Inhbe,6.327178513085536e-09,-1
Ilf2,Mcm7,6.513919869870655e-09,-1
Smarcc1,Msh6,6.99384930985842e-09,-1
Irf2,Ifi47,7.074696384097086e-09,1
Zkscan14,Dirc2,7.688137295941503e-09,-1
Zfp653,Josd2,7.692606678350252e-09,-1
Prox1,Adra1b,7.837752752395775e-09,-1
Pknox1,Polr3f,8.07299269359663e-09,1
Bcor,Hnrpdl,8.366175344285139e-09,-1
Zfp326,Sumo1,9.188477415210557e-09,-1
Yap1,Fat1,9.747680115990068e-09,-1
Aebp2,Ppil4,9.908391608778913e-09,1
Rere,Plin5,1.0044869795511887e-08,-1
Whsc1,Epas1,1.0127635572787468e-08,-1
Ilf2,Srsf1,1.0943864099390932e-08,-1
Smarcc1,Smc2,1.1337832800436209e-08,-1
Phf21a,Ankrd11,1.1728867044363282e-08,-1
Irf2,Il4ra,1.227951028375187e-08,1
Sox9,Slc39a11,1.248755004768666e-08,-1
Smarcc1,Sf3a3,1.4386042919707753e-08,-1
Arid4b,4833420G17Rik,1.4638111327830792e-08,1
Atf1,Hmg20b,1.6973924330627468e-08,1
Bahd1,Hibch,1.70577351684076e-08,1
Nr1h2,Fbrs,1.8271813665761878e-08,-1
Chd1,Ube3a,1.902605040969491e-08,-1
Zbtb16,Hsd11b1,1.9420527800692e-08,-1
Zbtb16,Ddx39,2.110625129198462e-08,-1
Gatad1,Wdr8,2.225596946860627e-08,-1
Bcor,Rpl22,2.243242864490097e-08,1
Sarnp,Ptges3,2.2683167115626346e-08,-1
Med6,Gtf2e2,2.2890029600126328e-08,-1
E2f3,Aprt,2.3637299908470207e-08,-1
Vps72,Leng8,2.3752702674400508e-08,-1
Irf7,Irgm1,2.4273773843793863e-08,1
Pknox1,Asb8,2.4656625371482462e-08,-1
Rbck1,Scand1,2.616915451911664e-08,-1
Snapc4,Trmt2a,2.6288574240315517e-08,1
Arid1a,Setd6,2.6386486543653332e-08,-1
Fubp1,Nxf1,2.7399595093006802e-08,-1
Hmgb2,Set,2.9252950120493525e-08,-1
Set,Hmgb2,2.9252950120500894e-08,-1
E2f8,Aprt,2.9475789495809304e-08,-1
Cnbp,Hdac2,2.961253061539595e-08,-1
Hdac2,Cnbp,2.9612530615396003e-08,-1
Gabpb1,Dhx16,3.147944525747685e-08,1
Dmtf1,Luc7l2,3.241409797080922e-08,-1
Mybbp1a,Pelp1,3.45299891342761e-08,-1
Snai2,Parva,3.5101247054566664e-08,-1
Zkscan14,2010012O05Rik,3.5452004212584524e-08,1
Arid4b,Cdk12,3.559035343070125e-08,1
Irf2,Irf9,3.682905869785954e-08,1
Irf9,Irf2,3.682905869785954e-08,1
Zhx3,C9,3.683495614511371e-08,-1
Chd1,Mcmbp,3.685223903238721e-08,-1
Aebp2,Nup153,3.758946994744357e-08,-1
Foxo1,Gimap4,3.83888115046356e-08,-1
Aebp2,Fip1l1,4.2432743513951066e-08,-1
Zbtb16,Rtp3,4.2857191938724405e-08,-1
Zfp384,Zfp408,4.3323540725015664e-08,-1
Phf21a,Fam168b,4.40288104326483e-08,1
Gtf2e1,Rpap2,4.553020600685122e-08,-1
E2f8,Ppil1,4.589885780685891e-08,-1
Srebf2,Cant1,4.701026639776275e-08,1
Bcl3,Acp5,4.7557790509688173e-08,-1
Ppp1r8,U2af1,5.095155549691936e-08,-1
Zhx3,Cyp2a12,5.4805991392137544e-08,-1
Epas1,Esam,5.5464075620836836e-08,-1
Ercc2,Uros,5.714420800922414e-08,-1
Klf9,Tcf19,5.959725859718613e-08,-1
Tbl1xr1,Zfp143,6.020882735043459e-08,-1
Ncor2,Tor1aip2,6.351823426248244e-08,-1
Ilf2,2700094K13Rik,6.363271907814934e-08,-1
Arid4b,Pik3c2a,6.488389461698699e-08,-1
Trim28,Stmn1,6.65246949236722e-08,1
Phf21a,Pds5a,6.750770738380935e-08,-1
Irf2,H2-K1,6.832498117805339e-08,1
Hnf4a,Cyp2d9,7.017652600324911e-08,-1
Zfp93,Cand1,7.052184009126447e-08,-1
Chd4,Atrx,7.482797359400482e-08,-1
Elk4,Ercc2,7.505280328762733e-08,-1
Ilf2,Rfc3,7.875759513347603e-08,-1
Adnp2,Msh6,8.517563310083546e-08,-1
Hsf1,Pgls,8.871663641667392e-08,1
Hnrpdl,Chordc1,9.52320098700893e-08,-1
Zfp39,Bbs10,9.765955948965461e-08,-1
Trim27,Timm22,1.0020226464981336e-07,-1
Klf9,Cdc20,1.0096634545816262e-07,-1
Mafb,Rpl10,1.0288133478915337e-07,-1
Bcor,Rps17,1.0587522365220807e-07,-1
Foxk2,Naa40,1.0605415535034642e-07,-1
Hltf,Ralgapa1,1.0826451192851966e-07,-1
Cnbp,Hmgn1,1.100538127532807e-07,-1
Tcea3,Coq9,1.1226182180129752e-07,-1
Yy1,Bsg,1.1611439323540388e-07,-1
Safb,Ddrgk1,1.1680828490872591e-07,-1
Kdm5a,Morc3,1.175036269418702e-07,-1
Zfp654,Zfp51,1.187640239968113e-07,1
Srebf2,Nrbp1,1.2064490476690268e-07,-1
Ddx1,Tbc1d10a,1.267731504978902e-07,-1
Zfp653,Dctn2,1.3469042290974776e-07,-1
Nkap,Prkrip1,1.3665098815817555e-07,-1
Zhx3,Pemt,1.5049428332052766e-07,-1
Naca,2610029G23Rik,1.5937478956276722e-07,-1
Sox6,Cst3,1.5955084395172281e-07,-1
Nono,Rpl9,1.6074821540244708e-07,-1
Kdm1a,Tex10,1.6537890398000005e-07,-1
Drap1,Tmem167,1.6825212122131735e-07,-1
Drap1,Tbc1d10a,1.689561428112753e-07,1
Gtf2e2,Orc6,1.6950162655829106e-07,-1
Drap1,Immt,1.7202119588693256e-07,1
Lrpprc,Nipsnap1,1.7664188743003795e-07,-1
Hnf4a,Cyp2d10,1.9345112000344972e-07,-1
Smarcc1,Tcerg1,1.9503017123494916e-07,-1
Rere,1190005I06Rik,2.089541649727177e-07,-1
Mta1,Abcf2,2.0903770559572392e-07,-1
Zbtb6,Dnajc7,2.104507273206278e-07,-1
Kdm1a,Nasp,2.1215803769117067e-07,-1
Zfp39,Trim23,2.1998634271826286e-07,-1
Klf9,Mcm6,2.3031047665710795e-07,-1
Adnp2,Tmem209,2.384248131458956e-07,-1
Srrt,Srsf4,2.430792204664059e-07,-1
Nfya,Romo1,2.5500142731278765e-07,-1
Sox6,Dbi,2.579845997062596e-07,-1
Adnp2,Nup155,2.621647563513052e-07,-1
Ilf2,Terf1,2.6620561942979367e-07,-1
Tcf7l2,Tstd1,2.944011253003945e-07,1
Tfb1m,Mterfd2,2.950355608854019e-07,-1
Csda,Rpl23a,2.9646601568583406e-07,-1
Mybbp1a,Rsl24d1,3.002161805344899e-07,-1
Nkap,Cwc22,3.06431736263714e-07,1
Rbck1,Mob2,3.0664977225529047e-07,-1
Zfp672,Spata5,3.0816399907038587e-07,1
Nr1i2,Slc22a18,3.098346222020647e-07,-1
Csda,Rpl28,3.1807918444833306e-07,1
Cnbp,Psmb4,3.247318855720613e-07,-1
Mta1,Slc6a9,3.278333158385332e-07,-1
Atf1,Bms1,3.303173190003859e-07,-1
Rybp,Myef2,3.3232603693486807e-07,-1
Phf21a,Phospho2,3.4599247519041335e-07,1
Atf1,Haus3,3.646896634991986e-07,-1
Zfp384,Ddx11,3.6821767077220417e-07,1
Mybbp1a,Atic,3.7081776925547794e-07,-1
Ilf2,Snrpg,3.958967677866843e-07,-1
Zzz3,Dcaf13,4.093301518461413e-07,-1
Sox6,Pld3,4.115007881939789e-07,-1
Smarcal1,Stap2,4.3321377724314646e-07,-1
Klf9,Hnmt,4.3950748642408926e-07,-1
Vps72,Mkl1,4.450940747201844e-07,-1
Gtf2e2,Nup37,4.760889501592089e-07,-1
Whsc1,Gstm2,4.994850006664893e-07,-1
Zhx3,Hrg,5.092477610521829e-07,-1
Rora,Zbtb16,5.257012622336793e-07,-1
Zbtb16,Rora,5.257012622336793e-07,-1
Trp53,Dph2,5.906494122080066e-07,-1
Phb,Mrpl19,5.938934931970572e-07,-1
Hdac3,Alyref,6.111356603074564e-07,-1
Set,Cyp4f13,6.190713457024537e-07,-1
Hnf4a,Myo6,6.260342968696097e-07,1
Trim28,Pabpn1,6.588639497501793e-07,1
Irf2,Zfp36,6.752513388440959e-07,1
Zfp36,Irf2,6.752513388441322e-07,1
Ercc2,9930021J03Rik,6.790601149969896e-07,-1
Ercc2,Gpank1,6.790656039379854e-07,-1
Tfpt,Sac3d1,7.267684113488837e-07,1
Trp53,Polr1a,7.404271159366351e-07,-1
Wbp7,Dctn1,7.491647520651824e-07,-1
Ttf1,Elk4,7.517480642792612e-07,-1
Cc2d1b,Elk4,7.517576246633252e-07,-1
Elk4,Cc2d1b,7.517576246633662e-07,-1
Rbmx,Ppp2ca,7.705402560014354e-07,1
Kdm1a,Rbmxl1,7.939907005354866e-07,-1
Zfp280c,Sfpq,7.987913287345174e-07,-1
Zfx,Utp11l,8.014312433267838e-07,-1
Zbtb24,Abcf3,8.014825066093187e-07,-1
Aebp2,Phip,8.154170257359266e-07,1
Nfib,Plxna2,8.17381309582189e-07,-1
Gtf2e1,Bub3,8.236271109147969e-07,1
Trim27,Mrps26,8.441489427139904e-07,-1
Tcf7l2,Casp7,8.716539931423711e-07,1
Smad2,1110037F02Rik,8.732413655232726e-07,-1
Cdc5l,Rnf2,9.606087110062476e-07,-1
Zfp110,2410091C18Rik,9.753385685432835e-07,1
Kdm1a,Cct6a,9.836706584661282e-07,-1
Klf9,Cp,9.90243650011472e-07,-1
Apex1,Grpel1,1.0553775011093214e-06,-1
Naca,Npm1,1.0653933439329868e-06,-1
Npm1,Naca,1.0653933439333353e-06,-1
Kdm1a,Tcp1,1.0736954885953726e-06,-1
Gon4l,Edc4,1.1714759728634014e-06,-1
Atoh8,G0s2,1.2087259353563507e-06,-1
Pias1,Rsrc1,1.2189262778011367e-06,-1
Mbd3,Ndufaf3,1.2246266648698978e-06,1
Irf2,Unc93b1,1.2247294247553718e-06,1
Gabpb2,Ccnl1,1.2389083193592365e-06,-1
Med6,Rbm8a,1.2459355648977108e-06,-1
Kdm1a,Cct2,1.2496831069628524e-06,-1
Mbd2,Dph3,1.2869813658404667e-06,-1
Zfp524,Ubl7,1.3000780588384126e-06,1
Klf9,Aox1,1.3317253096078288e-06,-1
Gtf2e1,Tceb1,1.367968982416502e-06,-1
Zfp280c,Nup155,1.4463678676874367e-06,-1
Gon4l,Slc25a16,1.474174025091377e-06,-1
Ncoa2,1810037I17Rik,1.5227696884178905e-06,-1
A930001N09Rik,Ptpla,1.527839665488183e-06,-1
Phf21a,Rdh11,1.5832989652197846e-06,1
Atf1,Ube2e1,1.593612367809082e-06,1
Kdm1a,Cct7,1.6400814217063982e-06,-1
Nr1i2,Aspg,1.640658674255978e-06,-1
Zfp574,Dctn2,1.6587801960250657e-06,-1
Cnbp,Rpa1,1.6607905184643788e-06,-1
Snapc1,Ier3ip1,1.6778752546518165e-06,-1
Whsc1,Pdk4,1.7225876278762316e-06,-1
Zhx3,Aqp9,1.7432892177854937e-06,-1
Nolc1,Ppil1,1.7502540642864814e-06,-1
Nr2c2,Atrx,1.7527995563072803e-06,-1
Ilf2,Dkc1,1.7592539687046399e-06,-1
Aebp2,Chd2,1.8952938438910872e-06,-1
Gm98,Eif2s2,1.9048805601886139e-06,-1
Ilf2,Tipin,1.961924481634753e-06,-1
Ing2,C030048B08Rik,2.072816002524943e-06,-1
Taf1d,Uqcrc2,2.1428989857908e-06,1
Hmgb1,Dek,2.1982599195833022e-06,-1
Zfp148,Zfp955b,2.19826657517372e-06,-1
Hmg20b,Rwdd4a,2.2458976993075536e-06,-1
Zfp191,4930430F08Rik,2.283918099486084e-06,-1
Zfp386,Cwc27,2.2913197709345424e-06,-1
Epas1,Gja4,2.2964533910682416e-06,-1
Atoh8,Gpr182,2.305452812087312e-06,-1
Pcgf6,Tbc1d24,2.314600287846346e-06,1
Gtf2e1,Rnmt,2.3692754979690996e-06,-1
Spata24,Eps8l2,2.3961603847610632e-06,1
Safb,Cyb5d2,2.424077540598019e-06,-1
Irf1,BC006779,2.5081812494865218e-06,-1
Mybbp1a,Dhx29,2.5559428685613626e-06,-1
Nfkb2,Zfp335,2.5841516647145254e-06,1
Snapc4,Polr1a,2.591632821121989e-06,-1
Zfp161,BC046331,2.6460307686182514e-06,1
Snai2,Wwtr1,2.7591391824983785e-06,-1
Phf21a,Git2,2.9432462299016047e-06,-1
Bdp1,Nemf,2.9802518999114144e-06,1
Naca,Snrpg,3.045293847023129e-06,-1
Lin54,Zfp53,3.136880833010606e-06,-1
Aebp2,1200014J11Rik,3.1868610672313216e-06,-1
Stat1,AW112010,3.355306628034919e-06,1
Tcf7l2,2610528J11Rik,3.403196879997289e-06,-1
Zbtb16,Pon1,3.4912284859999334e-06,-1
Zscan12,Rpap2,3.4957994706528155e-06,-1
Sin3a,Ddx11,3.5584426933684613e-06,1
Hnf4a,Eps8l2,3.58184641679911e-06,-1
Zfp513,Ciz1,3.66094141021996e-06,-1
Hmgb1,Hmgn2,3.6628505982194957e-06,-1
Arid4b,Rsrc2,3.6657964283868436e-06,1
Zkscan14,Tbc1d24,3.7989605593071957e-06,1
Hnf1b,Dsp,3.893567541570058e-06,-1
Hnf1b,Tcf7l2,3.957550252235269e-06,-1
Sarnp,Cnbp,3.9972125127815184e-06,-1
Klf9,H2afx,4.006890273088516e-06,-1
Wbp7,Vps72,4.0135758858229845e-06,-1
Cnbp,Uba2,4.099381754442846e-06,-1
App,Elovl2,4.224019342515539e-06,-1
Ddx1,Bms1,4.478464119917585e-06,-1
Bcor,Cstf2t,4.502126824389063e-06,-1
Kdm1a,Snrnp40,4.502921666546816e-06,-1
Taf2,Adnp2,4.531768675413604e-06,-1
Tbl1xr1,Hltf,4.672652021756744e-06,-1
Gtf2b,Lsm2,4.723810387964587e-06,1
Tbl1xr1,Slmap,4.880116531032456e-06,-1
Nr1i2,Abcc3,4.880830496816602e-06,1
Zhx3,Gckr,4.8876993300420236e-06,-1
Esr1,Pter,4.944343489745116e-06,-1
Drap1,Mkl1,5.1559847185832306e-06,-1
Irf6,2310030G06Rik,5.199929914178353e-06,-1
Drap1,Nr1h2,5.274256018181817e-06,-1
Vps72,Rbck1,5.3627332199573885e-06,-1
Rbck1,Vps72,5.3627332199574384e-06,-1
Naca,Snrpd1,5.4757461056616045e-06,-1
Yy1,Ndufs5,5.599254091083572e-06,-1
Psip1,Ncbp2,5.698126130756522e-06,-1
Zfp39,Sub1,5.736723571546651e-06,-1
Zzz3,Snip1,5.770082006415605e-06,-1
Zbtb16,Itih4,5.842904605514023e-06,-1
Hltf,Cog5,5.938246921709264e-06,1
Cnbp,Xpo1,5.958938609454652e-06,-1
Hdac3,Tcp11l2,6.029878758520569e-06,-1
Zbtb16,F7,6.1405337463559945e-06,-1
Srebf2,Mark2,6.212037187121533e-06,-1
Rfxap,Nmral1,6.275500155653408e-06,1
Hnf4a,Pyroxd2,6.3036630320411065e-06,-1
Lin54,Npat,6.815392498855057e-06,-1
Mxd4,Npc2,7.0366298462224755e-06,1
Nr2c2,Csnk2a1,7.37289306167365e-06,-1
Rbbp8,Ptprb,7.426771355743298e-06,-1
Irf7,Rtp4,7.494777681408282e-06,1
Rtf1,Atf1,7.540277955387226e-06,-1
Phf21a,Mysm1,7.576210433079957e-06,-1
Mysm1,Phf21a,7.576210433079957e-06,-1
Irf2,Mob3c,7.69212894959134e-06,-1
Lin54,Prpf38b,7.732097622107445e-06,-1
Irf2,BC006779,7.926393093392718e-06,1
Hnf4a,Hsd3b3,7.959808688981446e-06,-1
Nfat5,Pan3,8.04417964968333e-06,-1
Zfp1,Hnrnpd,8.055052512314968e-06,-1
Hnrnpd,Zfp1,8.055052512315317e-06,-1
Srrt,Rab32,8.083367315553372e-06,-1
Zhx3,Akr1c20,8.16768165527783e-06,-1
Rnf141,Nxt2,8.240364164068154e-06,-1
Zkscan6,Zcchc2,8.36731703710366e-06,-1
Zhx3,Slc27a5,8.47530255406874e-06,-1
Phf21a,Rsbn1,8.610390419868364e-06,-1
Tead3,Sdccag8,8.756526237144854e-06,-1
Zfp263,Zcchc2,8.817123015449654e-06,-1
Zfp39,Cep63,8.999371491577614e-06,-1
Irf7,Pigr,9.023241995951498e-06,1
Whsc1,Smpdl3a,9.148831256844326e-06,-1
Klf9,Tdg,9.166134949068994e-06,-1
Vps72,Arid1a,9.19081561135722e-06,1
Zbtb16,Aox3,9.220593928277127e-06,-1
Irf6,Rassf6,9.229600561802138e-06,1
Zfp326,Srsf7,9.2555452658807e-06,-1
Smarcc1,Nup155,9.68415374481109e-06,-1
Gtf2e1,Prpf38a,9.714430291539342e-06,-1
Irf2,Cd52,9.724791972293654e-06,1
Trp53,Trmt2a,9.869910573411098e-06,-1
Suz12,Terf1,9.96793699548739e-06,-1
Bahd1,Ccbl2,1.007165171318745e-05,-1
Maf1,Hrsp12,1.0209299914310968e-05,1
Ssrp1,Anapc5,1.023345060773982e-05,1
Hmgb1,Cdk4,1.0415641575601296e-05,-1
Rfxank,Il17rc,1.0557652197752844e-05,1
Tcf7l2,Tjp3,1.0563184861422167e-05,-1
Chd1,Cdk12,1.069833114158244e-05,-1
Trim27,Ddx11,1.0899837417781727e-05,-1
Hmg20b,Asna1,1.1240073061437692e-05,-1
Mier1,Pigr,1.1311846361532894e-05,-1
Trim33,Fam160b2,1.1358331204534863e-05,-1
Mynn,Zfp62,1.1447226513650658e-05,1
Thra,Terf1,1.1690294851415563e-05,1
Vps72,Ufm1,1.1848589931719859e-05,-1
Nr1h3,Prodh,1.1849875946502715e-05,1
Zbtb16,Cdc25a,1.1959998286067123e-05,1
Nr1h4,Hpd,1.197517312413384e-05,-1
Creb3l2,Akap1,1.2101016985208628e-05,1
Ilf2,Alyref,1.2241047909831679e-05,-1
App,Ddx11,1.231784760406408e-05,1
Hnf4a,Ceacam1,1.2358073265836819e-05,1
Srebf2,Dnm2,1.2366305915127584e-05,-1
Zfp292,Chd2,1.2776996595291491e-05,-1
Bcor,Rps3a,1.3160494724554218e-05,1
Nr1d2,Ptgr2,1.346973307929185e-05,1
App,Vamp3,1.3761338410027923e-05,-1
Vps72,Mark2,1.3805764829349394e-05,-1
Hnf4a,Nlrp6,1.4096664488741737e-05,-1
Irf9,Pon2,1.4700859888783172e-05,-1
Kdm5a,Birc6,1.472123742809912e-05,-1
Hnf4a,Papss2,1.5103279923422137e-05,-1
Hnf1b,Aadat,1.5390575995501665e-05,1
Srrt,Akap8,1.5756535429432778e-05,-1
Hdac3,Zbtb4,1.5770966267850712e-05,-1
Hmg20b,Bsg,1.607283054425546e-05,-1
Foxj2,Prkce,1.6180007124690646e-05,-1
Creb3l2,Ethe1,1.625611385586628e-05,-1
Ubp1,Rpl41,1.6685282896522428e-05,-1
Klf9,Rfc5,1.7123415373799994e-05,-1
Trim28,Ccdc90a,1.7215901098647085e-05,-1
Rxrg,Tmem128,1.7235533624565664e-05,-1
Hnf4a,Treh,1.7310262034406213e-05,-1
Kdm1a,Orc6,1.7373246525405465e-05,-1
Kdm1a,Cox7a2l,1.8010574370644012e-05,1
Mbd3,Ndufs5,1.8051209155386065e-05,1
Smarcc1,Kpnb1,1.82538309625725e-05,-1
Nfe2l1,Cst3,1.8407483744910582e-05,-1
Ddx20,Ccdc90a,1.8893229360105798e-05,1
Mta2,Pxn,1.895699158086933e-05,-1
Pnn,Prpf4b,1.9284842859296873e-05,1
Irf7,Ifit1,1.95116863803843e-05,-1
Bcl3,Pigr,1.9650068643596785e-05,1
Zbtb6,Ier3ip1,1.9957547970965816e-05,-1
Dnajc2,Etf1,2.0792838555701528e-05,-1
Ash1l,Hectd1,2.0823762737880715e-05,-1
Nr1i2,Rassf6,2.2003276331845124e-05,-1
Pknox1,Rad23a,2.202008898955721e-05,-1
Pknox1,Wdr11,2.239317035618419e-05,-1
Klf9,Rora,2.245157209302423e-05,-1
Phf21a,Rere,2.2766732672246893e-05,1
Rere,Phf21a,2.2766732672246893e-05,1
Kdm1a,Eif3g,2.284046937976458e-05,-1
Men1,D17Wsu92e,2.3204531779346293e-05,1
Sall1,Hibch,2.3524056958940078e-05,-1
Tfam,2010305A19Rik,2.368880186326968e-05,-1
Nolc1,Kpnb1,2.404051873469761e-05,-1
Zhx3,Mug1,2.457448772455797e-05,-1
Zfp280c,Srsf10,2.4852709017970527e-05,-1
Yy1,Hnrpdl,2.4955806359720858e-05,-1
Arid4b,Prpf38b,2.5008240069134295e-05,1
Whsc1,Gstk1,2.530717299845152e-05,-1
Hdgf,Snx14,2.536679670878487e-05,1
Adnp2,Mtf2,2.567371549883366e-05,-1
Crebzf,Chd1,2.616642850426881e-05,-1
Nr1i2,Cyp3a13,2.691518822756085e-05,-1
Nr3c2,Tstd1,2.7466510805761348e-05,1
Stat5a,Rad23a,2.7480349859727385e-05,-1
Aebp2,Zw10,2.7659442020711507e-05,-1
Zhx3,Slc6a13,2.8373678517379866e-05,-1
Zzz3,Hnrnph1,2.872295610525017e-05,-1
Nr1h4,Acsm1,2.8900766291028127e-05,-1
Dmtf1,Foxn2,2.8943604327990157e-05,-1
Foxn2,Dmtf1,2.8943604327991807e-05,-1
Sin3a,Clp1,2.9107335400950456e-05,1
Drap1,Ufm1,2.9166656004845668e-05,-1
Wbp7,Ctdnep1,2.9563132536990248e-05,-1
Set,Fbl,2.9815175941515715e-05,-1
Rere,1600002H07Rik,3.0020326317578794e-05,-1
Zfp110,Adrbk1,3.0233576116458827e-05,-1
Snai2,D0H4S114,3.053629370878603e-05,-1
Zbtb16,Rfc5,3.073971222837604e-05,-1
Drap1,Eef1g,3.104444741608986e-05,1
Esr1,Egfr,3.138647317954302e-05,1
Tcf3,Rbck1,3.14418320670559e-05,-1
Rbck1,Tcf3,3.144183206705721e-05,-1
Elf2,Atrx,3.154354773959073e-05,1
Klf9,Mcm5,3.22533176798358e-05,-1
Nfkb1,Ehd4,3.351473324532831e-05,1
Zzz3,Rpl31,3.462271632233757e-05,-1
Sox6,Homer2,3.468340887372715e-05,-1
Epas1,Caskin2,3.592966311942971e-05,-1
Prdx5,Anapc5,3.6056801210248214e-05,1
Med6,C030048B08Rik,3.628821871812388e-05,1
Hmgb2,Mdc1,3.671887133438466e-05,1
Gtf2e1,Surf6,3.7309156589085467e-05,-1
Gtf2i,Ehmt2,3.739445821768547e-05,-1
Tbl1xr1,Lnpep,3.776213457584071e-05,-1
Zhx3,Dnase2b,3.8123414921548326e-05,-1
Zfx,Prmt10,3.813263574116899e-05,-1
Tmpo,G3bp1,3.83507442676513e-05,1
Adnp2,Smc2,3.835835178764006e-05,-1
Rxrg,Pgm2,3.85769464306693e-05,1
Rbck1,Sbf1,3.906651091595509e-05,-1
Zfp280d,Rbm5,3.909616100889409e-05,-1
Zfx,Papd4,3.9175623521716765e-05,1
Cnbp,Wdr43,3.927311210619992e-05,-1
Zfpm1,Khk,3.9546575130964673e-05,-1
Cnbp,Gnl3,3.9781426442551394e-05,-1
Klf9,Mad2l1,4.0061176933960594e-05,-1
Foxj2,Ppp1r12c,4.064889176026987e-05,-1
Irf2,Irf7,4.072390310140955e-05,1
Irf7,Irf2,4.072390310141254e-05,1
Stat1,Gsdmd,4.102419059462549e-05,1
E2f8,Eif1ad,4.145569290861054e-05,-1
Cnbp,Polr2b,4.224949708997367e-05,-1
Zfp653,Adprhl2,4.280837059875263e-05,-1
Vps72,Stt3a,4.381356316181076e-05,-1
Aebp2,Ubap2l,4.4146723863770086e-05,-1
Irf2,Nat2,4.4249790543554314e-05,1
Nr1i2,Ces1e,4.4450696988282386e-05,-1
Rxrg,Snta1,4.487718928072822e-05,-1
Zkscan14,2300009A05Rik,4.534383575038461e-05,1
Chd1,Pus3,4.5675730052421184e-05,-1
Vps72,Hcfc2,4.7100516236115406e-05,-1
Creb1,Aebp2,4.7672857460100855e-05,-1
Aebp2,Creb1,4.7672857460106086e-05,-1
Cnbp,Anp32e,4.7886689573281596e-05,-1
Chd8,Myo9b,4.822179726660534e-05,-1
Lin54,Phf6,4.868446744835409e-05,-1
Hnf4a,Afm,4.8714543251946616e-05,-1
Zhx3,Agxt,5.0075628479160564e-05,-1
Rtf1,Fam168b,5.041140354965413e-05,1
Mbd2,3830406C13Rik,5.067725161253483e-05,-1
Hlf,Acsm1,5.101637303737059e-05,-1
Zhx3,Apon,5.10470133347997e-05,-1
Hnf4a,Slc44a2,5.166539899601805e-05,1
Nr3c2,Tmem30b,5.172229023094524e-05,1
Phf21a,Rpl34,5.220065736104598e-05,1
Gabpa,Larp4,5.240414163332233e-05,-1
Erf,Cbfb,5.276376062272834e-05,-1
Irf2,Samd9l,5.3056611061765236e-05,1
Rest,Terf1,5.3600154360854694e-05,-1
Ilf2,Set,5.408502383128072e-05,-1
Set,Ilf2,5.408502383128072e-05,-1
Yap1,Lgr4,5.52862080860804e-05,-1
Nfic,Igfbp2,5.726920671300779e-05,-1
Set,Cyp4v3,5.755625418087232e-05,-1
Trim27,Rpl31,5.8061745256786484e-05,-1
Hnf4a,2200002D01Rik,5.9020646516383846e-05,-1
Kdm5a,Kdm6a,6.047840782606356e-05,-1
Vps72,Cog7,6.072999853018917e-05,-1
Junb,Rbbp5,6.170035297095555e-05,-1
Rbck1,Arpc4,6.25571352398566e-05,-1
Kdm5b,Nasp,6.4216129006712e-05,-1
Bdp1,Dcun1d5,6.445557271646905e-05,-1
Irf2,Lgals9,6.523842933274957e-05,1
Nfix,Cryab,6.590304222702388e-05,-1
Hsf1,Vps4b,6.60297730290636e-05,1
Cnbp,Rpl15,6.633760401831636e-05,-1
Zfp280c,Etaa1,6.703681328428237e-05,-1
Cebpa,C3,6.805971086112622e-05,-1
Sox6,Mid1ip1,6.875825538365714e-05,-1
Irf2,Ostf1,6.974345252955437e-05,1
Irf9,AW112010,6.98167450794081e-05,-1
Nkrf,Taf2,7.217306847972535e-05,1
Taf2,Nkrf,7.217306847972821e-05,1
Zkscan6,Ndufb9,7.307797973175226e-05,-1
Zfp217,Frg1,7.428823088151595e-05,-1
Drap1,Fam53a,7.527628171122998e-05,1
Maf1,Slc17a2,7.53477063831602e-05,1
Mta2,Dnajc12,7.683576746137817e-05,-1
Bahd1,Nit2,7.794780276406904e-05,-1
Hnf4a,Plekhg6,7.818091911155069e-05,-1
Cnbp,Gar1,7.900955440504392e-05,-1
Atoh8,Gsta3,7.931300721369055e-05,-1
Klf9,Rfc4,7.950815670218684e-05,-1
Bcor,Akap8,8.138394523815023e-05,-1
Trim28,Lmbrd1,8.14293573101842e-05,-1
Rtf1,Zfp317,8.15981604828858e-05,-1
Tbl1xr1,Nfatc3,8.16557071142558e-05,-1
Nfatc3,Tbl1xr1,8.165570711425718e-05,-1
Sall1,Cyp2j5,8.650791659512898e-05,1
Nfib,Ccdc80,8.763500792736723e-05,-1
Drap1,D17Wsu92e,8.931151281930625e-05,1
Med6,Wdr8,8.944869118539816e-05,1
Esr1,Ldhd,8.972818662350749e-05,1
Drap1,Cdc42bpb,9.130319316818355e-05,-1
Mbd3,2810428I15Rik,9.2130674784155e-05,1
Calcoco1,Klhl5,9.246067172967184e-05,-1
Nr1h3,S100a1,9.269247042681274e-05,1
Nr1i2,Ces1f,9.322714098729647e-05,-1
Nr1d2,Marcksl1,9.390803987848656e-05,1
Nr1d2,Marcksl1,9.390803987848656e-05,1
Ilf2,G3bp1,9.443616129468502e-05,-1
Drap1,Stt3a,9.452785848856252e-05,-1
Bcor,Ythdc1,9.483354191774368e-05,-1
Nr1i2,Vipr1,9.713061277215456e-05,-1
Nostrin,Vamp8,9.81101459201269e-05,-1
Naca,Psma2,9.854092024118164e-05,-1
Nr3c1,Ppp2r5a,0.00010031301450878565,-1
Pa2g4,Ttll12,0.00010087958599721053,1
Irf6,Dsp,0.00010158410821668379,-1
Hnf4a,Cideb,0.00010182621149128286,-1
Rfxap,1110008L16Rik,0.00010236159398727136,1
Gtf2e2,Dis3,0.00010409548415583169,-1
Mll2,Atg12,0.00010429232076006281,-1
Epas1,Calcrl,0.00010461990372263259,-1
Nono,Actl6a,0.00010524767765903501,1
Zbtb16,Mad2l1,0.0001052538636655228,-1
Adnp2,Taf1d,0.00010551121688625785,-1
Rbmx,Cenpc1,0.0001056840144521315,-1
Gtf2e1,Orc4,0.00010580161213616969,-1
Gtf2f2,Snrk,0.00010604331558411097,-1
Ahctf1,Nxf1,0.0001061486705339275,-1
Klf9,Mcm7,0.00010654215734288038,-1
Ppp1r8,Fbxl20,0.00010764824579355899,1
Drap1,Rpl31,0.0001081660240429419,1
Klf9,Fen1,0.00010864748552764877,-1
Hsf1,Dctn2,0.00010903517785945301,1
Whsc1,Ctss,0.00010989516447117322,-1
Zfp384,Eif3e,0.00011210954376362075,-1
Nr1h4,Ceacam1,0.00011679756944714645,-1
Med6,Zfp930,0.00011697248343175291,1
Cnbp,Rnps1,0.00011721587065015139,-1
Zkscan14,Aptx,0.00011749999127137344,1
Phf21a,Sf3b1,0.00011851700057749473,-1
Hnf4a,Spp2,0.00011870904777060926,-1
Hnf1b,2810025M15Rik,0.00011889013783596563,-1
Kdm5a,Krit1,0.00011909957739016646,1
Tmf1,Arhgap5,0.0001197043884212843,-1
Grlf1,Bbc3,0.00011993322923887616,-1
Gtf2e2,Nup43,0.00012056332907295334,-1
Zfp110,Pcbd2,0.00012226031221660198,-1
Yy1,Vps4b,0.00012294880779270296,-1
Lin54,Tbk1,0.00012461277147160062,-1
Bclaf1,Ncapd3,0.0001246299410970423,-1
Zzz3,Hnrnpa3,0.00012481917095477383,-1
Zfp110,Pik3r2,0.00012575221506702628,1
Tmf1,Ppp3cb,0.0001264030902480942,-1
Bcor,Sumo1,0.00012652652738383893,-1
Nr1h2,Extl2,0.0001285067704933602,-1
Hnf4a,Golt1a,0.00012931917010072718,-1
Hnf4a,Slc22a1,0.00013013341319441255,-1
Zfp553,Wdr46,0.0001315981031962049,-1
Rbck1,8430410K20Rik,0.0001321388075238549,-1
Smarcc1,Hmgb2,0.00013247796861847597,-1
Foxp4,Samd4b,0.00013317319197117316,1
Zfp260,Zfp62,0.0001336385813350322,-1
Chd1,Rprd2,0.0001350006470065452,-1
Foxn2,Utp11l,0.0001356424053389059,-1
Ppargc1a,Entpd8,0.00013717554329639373,1
Hnf4a,Agxt2,0.0001371790583316029,-1
Zfp768,Mtfp1,0.00013965745873668696,1
Rnf4,Kpna1,0.00014099121531272187,-1
Klf13,Spast,0.0001410106341745304,-1
Nfe2l2,Ces2e,0.00014354806570501442,-1
Srebf2,Xpot,0.00014409663005280515,-1
Nr3c2,Cldn3,0.0001459438656430845,1
Aebp2,Kdm5a,0.00014803238962136423,1
Irf6,Tjp3,0.00014826624218890137,-1
Yy1,Akap8,0.0001487784066510773,-1
Ddx1,Gemin6,0.00015016124829617835,-1
Dnmt1,Stmn1,0.0001502231620107528,1
Lin54,Fubp1,0.0001512608266218382,-1
Dnmt1,Rps25,0.00015176639408700544,-1
Bdp1,Pdcd10,0.00015364910513136456,-1
Zfp654,Usp45,0.00015369375029422247,1
Ctnnb1,Setd6,0.00015471269025092127,-1
Zbtb16,Cp,0.0001561975872185688,-1
Zfp800,Asxl2,0.0001595389010132543,-1
Ppp1r8,Ilf2,0.00015961045559344104,-1
Ilf2,Ppp1r8,0.00015961045559344383,-1
Gtf2e2,1700029F09Rik,0.00015965805724582664,-1
Naca,Hnrnpu,0.00015993046073829438,1
Ssrp1,Cpeb4,0.00016036147874570186,1
Mybbp1a,Supv3l1,0.00016066776207207393,-1
Hnf1b,Slc17a3,0.00016256113451979537,1
Gtf2e2,Xpo1,0.00016293777014218295,-1
Crebbp,Atrx,0.00016352340789774618,-1
Nfkb2,Hmg20b,0.0001640472573522349,1
Nr1h3,C3,0.00016529640841293498,-1
Mbd3,Timm13,0.00016573318615241525,1
Nr1i2,Ceacam1,0.00016761012200896126,-1
Phf5a,Clns1a,0.00016765012954780216,-1
Ilf2,Nvl,0.0001714781615907005,-1
Zfp280c,Msh6,0.00017175441202356838,-1
Taf13,Dctn2,0.00017203846371451306,-1
Zzz3,Srsf7,0.00017270014576244315,-1
Taf5,Gins1,0.00017312967259680798,-1
Nostrin,Nmi,0.0001736398127862783,-1
Taf13,Ppp2ca,0.00017437507255990315,-1
Drap1,Cdc34,0.00017486763820760636,1
Zfp217,Ddb2,0.00017530968428731966,-1
Zfp161,Ids,0.00017730113209806487,-1
Creb3l2,Saa1,0.00017792567271890326,-1
Gtf2f1,Ctso,0.0001781438196945331,-1
Ilf2,Rrm2,0.0001802965914914796,-1
Zfp292,Zcchc11,0.00018115492728369026,-1
Klf9,Cfh,0.00018135095158589788,-1
Zhx3,Slc10a1,0.0001815816261225734,-1
Zzz3,Hmgn1,0.0001818461624153829,-1
Ilf2,Erh,0.00018337555402591946,-1
Tfdp1,Ncapd3,0.0001835196930841247,1
Tcf7l2,2810025M15Rik,0.0001855052251410938,1
Zfp110,4930453N24Rik,0.0001865574238521355,-1
Ncor2,Tpk1,0.00018659588673904852,-1
Klf9,Rrm1,0.0001895934763294206,-1
Stat1,Ifi35,0.00019028269453925343,-1
Zkscan14,Fbxo4,0.00019091659367683663,1
Zkscan1,Nmnat1,0.00019107091330508547,-1
Nkap,Cwc27,0.00019143974342569617,-1
Wbp7,Ankrd13a,0.000193100852184028,-1
Bclaf1,Ccar1,0.0001955673013181347,1
Esr1,Keg1,0.0001959031833627034,1
Zhx3,C8a,0.00019608203924273768,-1
Drap1,Dctn1,0.00019778783392017282,-1
Zfp280c,Nup160,0.0001983238564451022,-1
Pias4,Il17rc,0.00019858490691502024,1
Zfml,Tgs1,0.00019873378898539382,-1
Nr3c2,Limd2,0.00019967862785585935,-1
Klf9,Mcm3,0.00020051258933682345,-1
Cebpa,Sult1a1,0.00020076933202391406,-1
Zfp326,Luc7l3,0.00020123989969331792,1
Phb,Fam63b,0.000201772698856597,-1
Klf9,Mcm2,0.00020234122109906007,-1
Mybbp1a,Rrp12,0.00020294554997382384,-1
Gtf2e1,9430016H08Rik,0.00020457932882369956,1
Nr1i2,Tjp3,0.0002047924696366316,-1
Safb,Sac3d1,0.00021032570376147244,-1
Hnf4a,F13b,0.0002111161673110984,-1
Phf21a,Chd2,0.000211960004788498,-1
Nr1h4,2200002D01Rik,0.00021290926945953978,-1
Tcf7l2,Ceacam1,0.00021292708651546912,-1
Thra,Nfib,0.00021572338097748645,-1
Nr1i2,Rfk,0.00021747341540025338,1
Thrb,Glyctk,0.0002176400392623378,-1
Yap1,Col6a1,0.00022054572232171416,-1
E2f3,E2f8,0.00022274347839503747,-1
E2f8,E2f3,0.00022274347839504555,-1
Fubp1,Narg2,0.00022331117197063247,-1
Drap1,Arpc5l,0.00022376135847491368,-1
Sra1,Alkbh7,0.00022566726170199157,-1
Thra,Exosc3,0.00022601258094748016,1
Zbtb16,Errfi1,0.0002261913523500842,-1
Hnf4a,Bhmt2,0.00022787365771791376,-1
App,Ezr,0.0002284908170470019,-1
Chd1,Zdhhc20,0.0002296604323878212,-1
Mlx,Ceacam1,0.00022970735950729172,1
Ppargc1a,Nlrp6,0.00023028196423876797,1
Nkrf,Zrsr2,0.00023037163974007975,-1
Zhx3,Slc17a3,0.00023042237555652035,-1
Sall1,Acnat2,0.000231948419803161,1
Hsf1,Ube2o,0.00023208258787112864,1
Dedd2,Cyp4f13,0.00023215612484473244,-1
Zfp93,Tsr2,0.00023613813519769404,-1
Hmgb1,Rps8,0.00023629944798336618,-1
Ruvbl2,Man1a,0.00023707307062561142,1
Cnbp,Hnrnpm,0.00023781593251252675,-1
Hnf4a,Cyp2j5,0.00023915641905192058,-1
Tcf7l2,Sult1b1,0.00023924632072615717,-1
Nr1i2,Ppp1r1b,0.0002399359921182858,-1
Rbbp8,Abca8a,0.00024013790608961322,-1
Zfp280d,Phf21a,0.00024122257494055572,-1
Phf21a,Zfp280d,0.00024122257494055572,-1
Lmo4,Sav1,0.00024169101203464454,1
Zfp384,Zkscan6,0.00024288625743382634,1
Hnf4a,Ppp1r1b,0.0002429055943447334,-1
Hnf4a,Aldh8a1,0.00024299021488742814,-1
Snapc4,Gcn1l1,0.00024309840638652523,-1
Zfp292,Nipbl,0.00024376504410061252,-1
Yy1,Fip1l1,0.00024403419704195018,-1
Atf6b,Mtmr2,0.0002447501194932761,1
Gtf2e1,Ddx11,0.00024537842143569193,1
Gtf2f2,Prmt10,0.0002462562929935118,1
Pml,Morc3,0.000246898575818342,-1
Hnf4a,Rassf6,0.0002482006353581664,1
Cnbp,Nap1l1,0.0002486014645342466,-1
Thra,Aasdhppt,0.00024863304639920143,1
Set,Rps19,0.00024964994074449696,-1
Zzz3,Cbx3,0.00025176247884433744,-1
Zkscan17,Ppapdc2,0.00025444794239891556,-1
Nolc1,Eif3c,0.00025530914755360156,-1
Hnf4a,Tjp3,0.00025676320729795346,-1
Zfp518a,Zfp58,0.0002603583004947454,-1
Zfp58,Zfp518a,0.000260358300494764,-1
Trim33,Pacs2,0.00026234742963014473,-1
Rbmx,Smc4,0.0002647055917487825,1
Klf9,Ncapd2,0.0002653160916896388,-1
Nr1h4,Cyp2d9,0.0002690415466405333,-1
Zzz3,Ube2e1,0.00027015689079117056,1
Hnf4a,Pigr,0.0002716874011906932,1
Zzz3,Cyhr1,0.00027328375152637594,-1
Tada2a,2410018M08Rik,0.00027565386862381095,-1
Gabpa,Scyl2,0.00027685034373117686,-1
Mafb,Snrpb,0.000280158341527839,-1
Nfat5,Specc1l,0.00028105029388837677,-1
Zscan12,Ankrd13a,0.00028316795239633277,-1
Hmgb1,Anp32e,0.0002845551978024239,-1
Cry2,Nek2,0.00028552387740372025,-1
Hnf1b,Abhd11,0.0002861811445569504,1
Sall1,Hpn,0.00028719823144569996,1
Zhx3,Cfhr2,0.00028738421263620954,-1
Pcna,Pex11a,0.0002877018503695785,-1
Cnbp,Pitrm1,0.00028818900836110294,-1
Rora,Ndrg2,0.00028891930459768914,-1
Ing2,Zcrb1,0.0002892368016344524,-1
Klf9,Lsm3,0.0002900217134668987,-1
Phf21a,Ccnl1,0.00029204612590863076,-1
Nfkb2,Immp1l,0.000293651144194601,-1
Hnrnpd,Ppp2ca,0.00029503837454434185,1
Nfic,Dapk1,0.00029543635004550603,-1
Trp53,Hira,0.00029696784262553275,-1
Zbtb6,Sumo1,0.0002969811644625678,1
Cxxc1,Dctn2,0.0002988771573581221,-1
Yap1,Fam107b,0.00030049127040560655,-1
Arid4b,Son,0.0003013437537443517,1
Son,Arid4b,0.00030134375374435846,1
Hnf4a,Aqp11,0.00030309801378356795,-1
Hltf,Arid4b,0.00030372750599054894,1
Arid4b,Hltf,0.0003037275059905494,1
Mbd3,Znhit1,0.00030481696178501856,1
Zfp639,Sult1d1,0.00030510732500696225,1
Zfp110,Mkl1,0.00030552516680542886,-1
Ilf2,Sf3a3,0.00030573111699175087,-1
Ddx20,1700029F09Rik,0.00031158564514273103,-1
Mybbp1a,Prmt1,0.00031160422993378343,-1
Naca,Emg1,0.0003131014479059947,-1
Zhx3,Gldc,0.00031504145897033066,-1
Nfya,Sdhc,0.0003154069420783885,1
Klf9,Rrm2,0.00031787904807294235,-1
Tfdp1,Ptges3,0.0003184199474421983,-1
Zfp280c,Cstf2,0.0003206250865525864,-1
Nfkb1,Clic1,0.0003206734692502563,-1
Esr1,Mrap,0.0003270471208730877,1
Zfp191,Wdr37,0.0003276806081900504,-1
Hsf1,Vegfb,0.000328805851353653,1
Ruvbl2,Trip4,0.0003318681761344609,-1
E4f1,Ddb2,0.0003322542701383006,-1
Taf9,Nup35,0.00033296229100764036,-1
Rfc1,Gmps,0.0003334660109763292,-1
Taf9,Tomm20,0.00033348756316509733,-1
Rorc,Ehhadh,0.00033415842904129883,1
Pknox1,Ppp6r1,0.00033432242885815734,-1
Zfp750,Acsm1,0.00033442142046748966,1
Cnbp,Rpl14,0.000334640019572554,-1
Hmgb1,Srsf3,0.00033505026351010196,-1
Junb,Zfp36,0.000336891612757456,-1
Zfp36,Junb,0.000336891612757456,-1
Nr1i2,2200002D01Rik,0.00033801957970306035,-1
Gmeb2,Lims2,0.0003388184751453496,-1
Hnf4a,Bco2,0.0003392167340271353,-1
Ddx20,1110034A24Rik,0.00034054159963844846,-1
Csrnp1,Dusp1,0.00034132973199707826,-1
Maf1,Keg1,0.0003421891719901152,1
Yy1,Rsbn1,0.0003458137258437717,-1
Topors,Ing5,0.00034696126143581046,-1
Ercc2,Tut1,0.0003469746998670133,-1
Irf2,Parp9,0.0003501334517555431,1
Cnbp,Gtpbp4,0.00035104994367178956,-1
Nono,Rpl21,0.0003513822407210318,-1
Dnmt1,Ldhd,0.0003517811244013105,-1
Esr1,Ass1,0.00035181077957422,1
Kdm3a,Sin3a,0.00035314796978033606,-1
Bcl6,Fas,0.000355198990692923,1
Sin3a,Dhx16,0.00035659818071340373,1
Zzz3,Hnrpdl,0.00036212536808295217,-1
Hnrpdl,Zzz3,0.0003621253680829571,-1
Cnbp,Sphk2,0.0003627697810872102,-1
Klf9,Map3k5,0.0003660756870153872,-1
Ddx41,Fbxl15,0.00036778363135552407,-1
Hnrnpab,Srsf1,0.000369821999035069,1
Irf2,Myd88,0.00037079780660634207,1
Klf13,Farsb,0.0003716949240349695,-1
Hnrpdl,Serbp1,0.00037187805265063507,1
Ppargc1a,Mgam,0.00037412467311445825,-1
Mybbp1a,G3bp1,0.0003743602301248513,1
Mbd3,Vps4b,0.0003796489256647058,1
Zfx,Rictor,0.0003840837274806666,1
Fubp3,Tceb1,0.00038616768317058453,-1
Phf21a,Rbm39,0.0003862260660673267,-1
Cnbp,Klhl7,0.0003872286461966664,1
Stat5a,Bcas3,0.0003910618571262756,-1
Adnp2,Tex10,0.00039549164128873017,-1
Sall1,Bhmt2,0.00039572903787454117,1
Ppargc1a,Cblc,0.0003959646708560731,-1
Hsf1,Stra13,0.000396238011867452,1
Zfp593,Utp18,0.00039911276261806464,-1
Hnf4a,D730039F16Rik,0.00039959937878970635,-1
Vps72,Pcnxl3,0.0004020320650106413,-1
Yap1,Serpinh1,0.0004056322708024001,-1
Vps72,Nr1h2,0.0004066618462086142,-1
Yap1,Dag1,0.00041126044742343445,-1
Thra,Nsun2,0.00041543004765327114,1
Zfp58,Ppwd1,0.00041818793180520606,1
Nr1h3,Cyp2e1,0.0004195570956619206,-1
Hnf4a,Proc,0.0004208259484187984,-1
Hnf1b,Cyp2j5,0.00042374043759600325,-1
Esr1,Kcnn2,0.0004243857452977475,1
Mlx,Dgkq,0.0004244531949657787,-1
Taf6,Cbx5,0.0004247281322509876,-1
Nr5a2,Slc25a13,0.00042637070267434197,1
Trim33,Chordc1,0.0004276704430331951,-1
Zhx3,Saa4,0.00042842907297830284,-1
Epas1,1810011O10Rik,0.00043668214003522867,-1
Tbl1xr1,Creb1,0.00043865789175951835,-1
Arid4b,Arid4a,0.00044563944229919874,1
Foxa3,Spna2,0.00044643370503329,-1
Hnf4a,Cyp3a25,0.00044657007830222243,-1
Med6,Utp23,0.0004469529048271161,1
Hnf4a,Tm6sf2,0.0004531408469894337,-1
Zkscan1,Sos1,0.0004549443628244193,1
Hnf4a,Tmprss2,0.0004554675328328535,-1
Cnbp,Bms1,0.00045690767332614256,-1
Ing2,Epc1,0.00046023948778355555,1
Sarnp,Dnajc8,0.0004609699793452961,-1
Pa2g4,Cpeb4,0.0004633150370189442,1
Irf7,Acp5,0.00046908018796970786,1
Gtf2e1,Pex13,0.00047152165919360706,-1
Irf7,Gss,0.0004747263367810527,1
Zfp110,Ube2m,0.0004757463928412244,-1
Dnajb6,Nfatc2ip,0.0004782795690243996,-1
Med6,Tmem199,0.00047843881823224094,1
Klf11,Cst3,0.0004803993627169942,1
Arid4b,Prmt10,0.00048115370652592013,-1
Zfp217,Pan3,0.00048230096332628605,-1
Hnrpdl,Dnajc9,0.00048420705589767566,1
Naca,Rps10,0.00048454351263505803,-1
Hnrnpd,Hars,0.0004912443098475217,-1
Atoh8,Oplah,0.0004918712265272544,-1
Thra,Gpt2,0.0004947129407540822,-1
Whsc1,Hint3,0.0004956253622161841,-1
Nr0b2,Gstm7,0.0005032164665992177,-1
Topors,Smc4,0.0005059748873734692,-1
Carm1,Scamp1,0.0005061234027146565,1
Nono,U2af2,0.0005079591195384769,1
Kdm1a,Cct5,0.0005156326707594496,-1
Mlx,2200002D01Rik,0.0005159645864785119,-1
Cebpa,Cd36,0.0005205671285588992,-1
Tmf1,Zfp943,0.0005233884513224038,-1
Prdx5,Gss,0.0005249009366874558,1
Irf6,Rnf186,0.0005265942445952538,-1
Nr1h4,Ppp1r1b,0.0005292602242491187,-1
Phf21a,Eif3f,0.000530149501984687,-1
Arid4b,Snx13,0.0005303854641616993,-1
Hmg20b,Scaf1,0.0005313916501475032,-1
Cnbp,Serbp1,0.000534342757114335,-1
Zzz3,Zcchc10,0.0005344959127785894,-1
Zbtb43,Gpx3,0.0005380709399218211,1
Zfx,Morc3,0.0005380902030540882,-1
Klf11,Ppap2c,0.0005432070784246602,1
Zfp384,Nxf1,0.0005432513303779246,1
Gtf2e2,Tipin,0.0005445763625194249,-1
Atf1,Mettl9,0.0005479292072878247,1
Yap1,Palld,0.0005494711393515711,-1
Zfp292,Smchd1,0.0005514685020201852,-1
Nr3c2,Tmprss2,0.0005522904150678383,1
Zscan12,Rwdd4a,0.0005539809413317772,-1
Tbx3,Rnf130,0.0005558943991694087,-1
Zbtb16,Sec14l4,0.0005564143511436413,-1
Zbtb6,Ptms,0.0005574143119165775,-1
Vps72,Zzz3,0.00056293359601208,-1
Tbl1xr1,Med13,0.0005650013401232925,-1
Klf9,Rpa2,0.0005650347868481914,-1
Foxp4,Trim23,0.0005671300601749529,1
Nr1i2,Slc35a3,0.0005674284161523855,-1
Naca,Erh,0.0005708344735264917,-1
Hnf4a,Slc22a18,0.0005710808333233258,1
Drap1,Unkl,0.0005723760079711437,1
Zfx,Zfp143,0.0005750843844178838,-1
Zfp143,Zfx,0.0005750843844178848,-1
App,Dus1l,0.0005825932331459821,1
Nfe2l2,Fabp2,0.0005832853879907411,-1
Smarcc2,Chpf2,0.0005874041928543525,-1
Smad7,Ptrh2,0.0005954055207118808,-1
Zkscan14,Serpinh1,0.000597413211131273,-1
Cxxc1,Gorasp2,0.0006032311895998087,-1
Gtf2e1,Klhdc2,0.0006033081569158441,-1
Hmbox1,D17Wsu104e,0.0006059405462225943,-1
Prox1,Tagln2,0.0006101329215016176,-1
Ssrp1,Ptma,0.0006143624311469749,-1
Smarca5,Vps4b,0.0006148201835107614,1
Hmgn5,Cutc,0.0006190682656315411,-1
Chd1,Dcun1d1,0.0006214690692804648,-1
Nr1h3,Ces1d,0.0006217257328518455,-1
Phb,Ecsit,0.0006238865788907492,-1
Ptges2,Ecsit,0.0006238865788907492,-1
Zfp280c,Utp15,0.0006246426924090507,-1
Crebzf,Rnpc3,0.0006290529047453126,-1
Mybbp1a,Nolc1,0.0006331719970755995,-1
Nolc1,Mybbp1a,0.0006331719970755995,-1
Mecp2,Tmem97,0.0006356879667925087,-1
Carhsp1,Pgls,0.0006359368014104366,-1
Junb,D0H4S114,0.000636466138716931,-1
Kdm1b,Mtfr1,0.0006375159814363775,1
Spen,Ctdnep1,0.0006382427042081655,-1
Wbp7,Fh1,0.0006468945035496789,-1
Gtf2f2,Utp23,0.000649506955309205,1
Pias1,Msl2,0.0006525472470667799,-1
Zfp653,Vac14,0.0006526218538087571,-1
Zhx3,Cyp2c50,0.000655329787388268,-1
Zkscan14,Thada,0.0006562655581914105,-1
Ilf2,Npm1,0.000659930002602203,-1
Trim27,Vrk1,0.0006633446957932906,-1
Hnf4a,Apom,0.0006677474121441487,-1
Med6,Fkbp3,0.0006681779745095161,-1
Klf9,Cdk1,0.0006713002782561423,-1
Med6,Hars,0.0006716221964671385,-1
Ilf2,Rnps1,0.0006779884954069107,-1
Hnf4a,Entpd5,0.0006836535776542343,-1
Hnf4a,Tmem19,0.000683816035736346,-1
Hnf1b,Keg1,0.0006851027186964869,1
Hltf,Morc3,0.000686292642239294,-1
Thrb,Cyp2c38,0.00068999223992587,1
Pcgf6,Gmcl1,0.000693626455051419,1
Kdm5a,Herc1,0.0006952817951446643,-1
Pias4,Dcaf15,0.0006971537221468669,-1
Rfx1,Dcaf15,0.0006971537221468669,-1
Gabpa,Ythdf3,0.0006999356278244988,1
Crebzf,Taf1d,0.000709888360244605,-1
Taf9,Tpra1,0.0007129162523755577,-1
Nolc1,Sf3b2,0.0007132439584374936,-1
Nkap,Htatsf1,0.0007216983347064884,-1
Hnf4a,Slc22a5,0.0007255570803833001,-1
Dmtf1,Usp15,0.0007281473289623197,-1
Nr1i2,Cyp2c55,0.0007322387418888764,-1
Zhx3,Ttc36,0.0007326332554121362,-1
Med6,Tceb1,0.0007365236238484574,-1
Zzz3,Mios,0.0007525330379568697,-1
Set,Rpl11,0.000753257845630296,-1
Nr1i2,Lgals4,0.000753900622425361,1
Foxa2,Pnp,0.0007622075506494113,1
Rfxap,Wdr46,0.0007633040027442189,1
Preb,Tm4sf4,0.0007633818737783865,-1
Ppp1r8,Polr2h,0.0007643161985780843,-1
Irf7,Ifi35,0.0007655177496254445,1
Foxa3,Tjp3,0.0007669422555108424,-1
Cnbp,Cct5,0.0007670548838542933,-1
Xrcc5,2010107H07Rik,0.0007773685650301472,-1
Irf5,Sh3bp2,0.0007782828246170279,-1
Dmtf1,Phf14,0.0007826705475913003,-1
Set,Hat1,0.0007846849180219494,-1
Pml,Efhd2,0.0007860987445443365,-1
Drap1,Josd2,0.0007864531992351758,1
Nr5a2,Cyp2d10,0.0007889065196893309,-1
Hnf1b,Ttc36,0.0007953985952853653,-1
Snapc4,Cd2bp2,0.0008059515889423672,-1
Erf,Atox1,0.0008103195688184211,1
Vps72,Mrps14,0.000815038791866669,-1
Snai2,Sparc,0.0008207933878200624,-1
Hsf1,Rad23a,0.0008208492542173515,1
Nr1d1,Tsn,0.0008227825067221141,-1
Hmgb1,Sumo2,0.0008253517980330242,-1
Zfp292,Ythdc1,0.0008270708149150664,-1
Aebp2,Eif3h,0.0008273378763396969,-1
Hnf4a,Bdh1,0.0008277471177016683,-1
Snapc4,Hira,0.0008280454294051279,-1
Foxa2,Dnajc12,0.0008295708126986512,1
Hhex,Mcrs1,0.000831652222816571,-1
Cebpb,D17Wsu92e,0.0008332985330282721,-1
Xrcc5,Mlh3,0.0008357033799847195,-1
Rnf141,Ccnc,0.0008384290873098435,1
Pa2g4,Pelp1,0.0008389755915795725,-1
Ilf2,Dtymk,0.0008424962406390561,-1
Taf1,Fam135a,0.0008425550512812564,-1
Nr3c1,Ccdc90a,0.0008427446992601429,-1
Bdp1,Aebp2,0.0008433330652966405,-1
Aebp2,Bdp1,0.0008433330652966615,-1
Klf9,Ddx39,0.0008488250337042009,-1
Rxrg,Ddt,0.0008515283741499395,1
Gabpb1,Mettl4,0.0008523859167714016,1
Hnf4a,Pbld2,0.0008533885434501964,-1
Irf7,Tap2,0.0008553082135383427,1
Gabpa,Usp24,0.0008577400173301069,-1
Gabpb1,Commd10,0.0008604965062681049,1
Hnf4a,Lad1,0.0008642778179998705,1
Irf6,Krt18,0.0008692146486249092,-1
Hnf4a,Acnat2,0.0008742337848468813,-1
Bhlhe40,Ifih1,0.0008796248740419735,-1
Men1,Sirt4,0.0008811716826203845,-1
Hnf4a,Rnf186,0.0008812919827345966,-1
Atf1,Nae1,0.0008817582806373892,1
Nfat5,Mesdc2,0.0008820025320775043,1
Esr1,Hrsp12,0.0008822427041891125,1
Pparg,Agpat2,0.0008969507750742523,1
Sall1,F13b,0.0009036549400417621,1
Bcl3,Gss,0.0009072291516950745,1
Nfib,Lum,0.0009091318297872389,-1
Crebzf,Guf1,0.0009105052381615687,1
Crebzf,Mtx3,0.0009105052381615687,1
Drap1,Wdr61,0.000910972006811089,-1
Hltf,Zfp53,0.0009140124068136874,1
Sarnp,Aggf1,0.0009144054567360341,-1
Ash2l,Zc3hc1,0.000914680679770505,-1
Ddx1,Nup37,0.0009156886200035077,-1
Ilf2,Snrpd1,0.0009166259111892728,-1
Hmgb1,Rpl22,0.0009185018383349133,-1
Pias1,Ik,0.0009202326209461899,-1
Cdc5l,Ddx10,0.0009209285621857342,-1
Ddx20,Utp3,0.0009259689739307103,-1
Ubp1,Zzz3,0.0009288092689395846,-1
Zzz3,Ubp1,0.0009288092689395879,-1
Set,Naca,0.0009301962493743319,-1
Naca,Set,0.0009301962493743698,-1
Etv3,Trim30d,0.0009327843301300854,-1
Prox1,Rbp4,0.0009358333108850177,1
Rbck1,Bag6,0.000939338434906159,-1
Ilf2,Parp1,0.0009431963735471051,-1
Thoc1,Kin,0.0009442372788790904,-1
Cc2d1a,2510039O18Rik,0.000948098479694829,-1
Irf6,Cldn3,0.0009512130754840276,-1
Epas1,Gpihbp1,0.0009555403732379074,-1
Bdp1,Luc7l2,0.0009586842720149442,-1
Atf6b,Ppp5c,0.0009603878984920421,-1
Dmtf1,Rictor,0.0009605414564103961,1
Rfxank,Sfr1,0.000961461560289828,-1
Zkscan1,Fam82b,0.0009633151277886464,1
Dedd2,Rab34,0.0009648201938156024,-1
E2f8,Hmgb3,0.0009664394115888857,1
Zzz3,Atf1,0.0009669229448097837,1
Atf1,Zzz3,0.0009669229448097837,1
Npm1,Rpl4,0.0009670691940273264,-1
Klf9,Pdk4,0.0009707664008931666,-1
Usf2,Mitd1,0.0009751491650841019,-1
Zbtb48,Ddrgk1,0.0009771407670395751,-1
Hnf4a,Ttc36,0.000981362947255033,-1
Hnrnpab,Gnb2l1,0.001005978576634649,1
Smarca5,Dhx15,0.0010171480501752449,1
Atf1,Wdr3,0.0010300045891774592,-1
Nfib,Tspan7,0.001037228052362384,-1
Rbck1,Capzb,0.0010373003428899234,-1
Irf6,Rnf43,0.0010418408513587724,1
Vps72,8430410K20Rik,0.00104314806057576,1
Kdm5b,Uba2,0.001047476572539269,-1
Hnf4a,Slc26a1,0.0010487126500176528,-1
Maf1,Slc20a2,0.0010496457071532226,-1
Gabpa,Ltn1,0.001057078169185455,-1
Bdp1,Rprd2,0.0010595566763129485,-1
Hmgb1,Hnrnpa1,0.001059842062577369,-1
Foxa3,Cyp2c55,0.0010605402516837186,-1
Thra,Nubp1,0.0010617738779009006,1
Zkscan6,Mitd1,0.0010655103374715427,-1
Hsf1,Josd2,0.0010667095944028881,1
Foxa3,Vipr1,0.0010685732616685759,-1
Gtf2f2,Sco1,0.0010725654503424584,1
Pnn,Fam76b,0.0010730690033457385,1
Klf12,Slc17a3,0.00108089508002902,1
Vps72,Atf1,0.0010809168492656967,-1
Nfx1,Ddx11,0.0010847998991339164,1
Hsf1,Aes,0.0010849544086676017,1
Irf6,Adh1,0.0010953424959032228,-1
Hdac3,Polr2h,0.0010960998138558006,-1
Hltf,Chd1,0.0010970502052752556,-1
Chd1,Hltf,0.0010970502052752712,-1
Klf9,Pcna,0.0011060147204499972,-1
Lin54,Esco1,0.0011096139418783572,-1
Zfp800,Zcchc2,0.0011129037129443448,-1
Sarnp,D030056L22Rik,0.001114187536256269,-1
Rfxank,Ptk2b,0.0011141954915408188,-1
Irf6,Cryl1,0.0011144975094074083,-1
Zfp280d,Arglu1,0.0011267263951467424,-1
Med6,Tmem209,0.0011300851282552704,1
Hmg20b,Glt8d1,0.0011328297439359755,-1
Xrcc5,Mmachc,0.0011380564514191834,-1
Bdp1,Phf14,0.0011387984967705155,-1
Tbl1xr1,Slc35a3,0.0011392123783797005,1
Gtf2e2,Dtymk,0.001146977065734317,-1
Foxa1,Copg,0.001147806471232889,-1
Zfp750,Tat,0.001149053565448984,1
Hnf4a,Slc35a3,0.0011490886546313597,1
Foxa3,Saa2,0.0011507970634581704,-1
Apex1,Ipo9,0.0011573329731140779,-1
Hnf4a,Sult1d1,0.0011581878266487297,-1
Hmgb1,Cnot6,0.0011658420979047705,-1
Zfp800,Whsc1l1,0.0011698235905701485,-1
Ash2l,Osbpl9,0.001176425613609311,-1
Med6,Rfxap,0.0011865936249046503,1
Rfxap,Med6,0.0011865936249046503,1
Irf2,B2m,0.0011877928402000252,1
Trim28,Edc4,0.0011993347381411435,1
Mafb,Ehhadh,0.0011993835726951724,-1
Hnf4a,Cldn3,0.001202224979556211,-1
Myst3,Phactr4,0.001215182968742213,1
Mbd3,Dapk3,0.0012179659075975439,-1
Tcf7l2,Ppp1r1b,0.0012217015555210488,-1
Bptf,Tsc1,0.001227429264903426,1
Klf12,Keg1,0.001228641566902866,1
Ilf2,Ccnf,0.0012299760022372115,-1
Lin54,Rpl30,0.0012314673505722314,-1
Mterfd1,Nars2,0.0012330756798104782,-1
Rbck1,Bsg,0.001233421493283679,-1
Zfp217,Efhd2,0.0012379082307569526,-1
Onecut2,Paqr9,0.001243573464249272,1
Gtf2b,Sdhc,0.0012469318540999296,1
Nr1h4,Rassf6,0.0012486211469382876,-1
Trp53,Gcn1l1,0.001250748723642547,-1
Crebzf,Rbm3,0.001257107389156415,-1
Esr1,Tmem53,0.001264898824378249,1
Hnf4a,Rdh16,0.0012691484713887372,-1
Ruvbl2,Mrto4,0.0012697848978702646,-1
Mysm1,Pan3,0.0012707217200488535,-1
Zfp93,Denr,0.0012709587997209472,-1
Prox1,Hfe2,0.0012763867058016487,1
Drap1,Csnk1g3,0.001276836264510242,1
Hnf1b,Aldh8a1,0.0012790789325222115,-1
Mbd3,Cdc34,0.001281643479276885,1
Nr1h4,Tjp3,0.0012833131103389228,-1
Nfx1,Taf5l,0.0012864286506095218,1
Zzz3,Tmx1,0.001294014748301977,-1
Thra,Clp1,0.0012951222403832236,1
Zfp367,Tti1,0.0012994116583829372,1
Hnrpdl,Rnps1,0.0013093206031236106,1
Dnajc2,Rbm34,0.001318394314101842,-1
Prox1,Slc17a2,0.001326383627857547,1
Zfp750,Kcnn2,0.0013360690016392272,1
Rbbp8,Fbxo31,0.0013463717674428064,-1
Irf3,Map2k3,0.0013470539959492102,-1
Esr1,Avpr1a,0.0013508479316376065,1
Irf7,2200002D01Rik,0.001354576508960004,-1
Atf1,Prkcz,0.0013660835434186089,1
Aebp2,Surf6,0.0013666925343105477,-1
Hnf4a,1300002K09Rik,0.001371649692706817,-1
Ahctf1,Thrap3,0.0013719294173608646,-1
Hnf4a,Tmem183a,0.0013772649303611586,-1
Dr1,Gorab,0.001381520702938724,1
Zfp750,1190003J15Rik,0.0013825458734628882,-1
Set,Ranbp1,0.0013873534106502237,-1
Lin54,Fam76b,0.001391380432462877,-1
Hdgf,Mrpl17,0.001391497877093008,-1
Foxa1,Tjp3,0.001391874938081904,-1
Chd8,Dph5,0.0013964171068545112,1
Zbtb16,Rilp,0.0014007390213712106,-1
Cxxc1,Fance,0.0014072871075877665,-1
Sox9,Uvrag,0.0014092801521334002,-1
Klf11,Stard13,0.0014116380323617801,1
Hnf4a,Slc2a2,0.0014151441149167006,-1
Nr1i2,Pigr,0.0014155804848597134,-1
Zfp524,Exosc5,0.0014191733251600923,1
Ilf2,Ssrp1,0.0014245421143730989,-1
Hnf1b,Rassf6,0.0014303935872343877,-1
Prox1,Kcnn2,0.0014305659315713673,1
Med6,Ddx52,0.0014334968233358065,1
Zfx,Fam76b,0.001435005606199002,1
Cbfb,Eif3f,0.001435450039860291,-1
Trim27,Gar1,0.0014356224426306206,-1
Hnf4a,Hgd,0.0014403383687934359,-1
Zfp280c,Eri2,0.0014418407332364219,-1
Nfx1,Rpap2,0.0014587386182479153,-1
Cnbp,Mff,0.0014593421297729198,-1
Hnrpdl,Mpzl1,0.0014608726814372684,-1
Hnf4a,Abcg5,0.0014641523084196345,-1
Rbck1,Ap2s1,0.0014787884461766293,-1
Zzz3,Actl6a,0.001481622619111072,-1
Zfp263,Crlf3,0.0014857328656757171,-1
Gtf2b,Chordc1,0.0014915941684783803,-1
Tbl1xr1,Chd1,0.0015130291370677364,-1
Chd1,Tbl1xr1,0.0015130291370677507,-1
Nr1h4,Slc35a3,0.001525867723943224,-1
Med6,Pcmt1,0.0015266057523699956,-1
Rbmx,Nr1h3,0.0015282116299228884,1
Hnf4a,Cyp2c55,0.0015310523925500675,-1
Gabpa,Fastkd2,0.0015347236108590667,-1
Zkscan1,Nars2,0.001535104051548314,1
Nr1h3,Fmo5,0.001535805326001344,-1
Zkscan14,Lysmd4,0.001539754152104445,1
Tcf7l2,2200002D01Rik,0.0015407999463158107,-1
Men1,Zfp574,0.0015557592235639689,-1
Zfp574,Men1,0.0015557592235640317,-1
Zkscan6,Morc3,0.001559933458433643,1
Nr1h4,Pigr,0.0015669693254682982,-1
Nr1h4,Cyp2d10,0.001572137421443481,-1
Rbmx,Fam168b,0.0015981415627935292,1
Nr1i2,Cyp2d9,0.0015997834163382222,-1
E2f8,Cdca3,0.0016004936968701071,1
Vps72,Ctnnb1,0.0016082556849107933,-1
E2f8,Cdc25a,0.0016082671955886584,-1
Taf9,Strap,0.0016113619772619254,1
Rbbp8,Ppap2b,0.0016157986939240847,-1
Nfix,Clp1,0.001619249155168433,-1
Hdac1,Ddo,0.00162786532522593,-1
Rybp,Sumo1,0.0016362283256371693,-1
Taf5,1700029F09Rik,0.0016394431781669512,-1
Rbmx,Iws1,0.0016419949232550752,1
Hnf1b,Tjp3,0.0016429651768015156,-1
Ilf2,Myef2,0.0016433641777283499,-1
Deaf1,Zmat5,0.0016445252176511575,1
Zfp326,Hnrpdl,0.0016484260777504926,-1
Set,Pcna,0.0016502533642428023,-1
Pcna,Set,0.0016502533642430183,-1
Sox6,Mrpl15,0.001665540204209723,-1
Foxa3,Ceacam1,0.001665951297289138,-1
Zfp110,AW209491,0.0016680371910049417,-1
Nfe2l2,Gda,0.0016691046244113248,-1
Klf12,Slc17a2,0.0016734116989746458,1
Smarce1,Por,0.0016770981311249923,-1
Gtf2e1,Eed,0.0016775428748290599,1
Tfdp1,Sae1,0.0016788338210413755,-1
Med6,Utp18,0.001679654323469196,1
Kdm5a,Rapgef6,0.0016846225473347973,-1
Klf9,Topbp1,0.0016905036360496083,-1
Klf9,Hmgb3,0.0016949319185888584,-1
Ppargc1a,Mtch2,0.001696207419556674,-1
Taf2,Myef2,0.0016981592247872401,-1
Esr1,Igfbp1,0.0017022572076837118,1
Hnrnpab,Rpl23,0.001706287107229935,1
Zkscan14,B4galt7,0.0017103633970711064,1
Hmgb1,Sfpq,0.0017142356871138616,-1
Nr1h4,Aadat,0.0017164134783359268,-1
Zkscan1,Dcun1d1,0.0017166978458266287,1
Med6,Pfdn4,0.0017183214847451482,-1
Nr3c2,Rnf186,0.0017202731559545418,-1
Zfp191,Orc5,0.0017279597475948225,1
Tfip11,Fbxl15,0.0017355882204009286,1
Maf1,Tfr2,0.0017358827057192897,1
Dedd,Ubxn8,0.0017377245349056941,-1
Rfxank,Hmgn1,0.0017388817136240625,-1
Irf1,Parp9,0.0017561225647496628,1
Snai2,Gas1,0.0017576285062337461,-1
Hdac2,Stmn1,0.0017603815984265035,1
Tbl1xr1,Glt8d1,0.0017628930480865501,1
Zkscan14,Zfand2b,0.0017652448947247147,1
Chd1,BC002059,0.0017703416984802042,-1
Atf1,Ift74,0.001801836880334696,1
Esr1,AI317395,0.0018043612070343415,1
Nr1i2,Hpd,0.0018176447037423148,-1
Gzf1,Agxt2,0.0018176790172215334,1
Ppp1r8,Ppp1ca,0.0018270700525629673,-1
Pias1,Tbk1,0.0018288564826581118,-1
Stat3,Tmem209,0.0018391599724814408,1
Phf21a,Zmym4,0.001841664337226482,-1
Irf2,Nmi,0.0018423485192265259,1
Hnf1b,Pigr,0.001843047349906889,-1
Rfxap,1700029F09Rik,0.0018595484751740819,1
Aebp2,Smndc1,0.0018599466287910105,-1
Ppara,Retsat,0.0018626659319503443,-1
Nr1i2,Hnf4a,0.001863362278720455,-1
Hnf4a,Nr1i2,0.001863362278720455,-1
Taf6,Nup107,0.0018704829979974038,-1
Zzz3,Mrpl14,0.0018708821087188602,-1
Trim28,Slc25a16,0.0018924506202173453,1
Zhx3,Tdo2,0.001895495004309243,-1
Wbp7,Zfp119a,0.0019001882598384155,1
Klf9,Rqcd1,0.0019011436933254237,-1
Zkscan14,Ercc5,0.001904621340013094,1
Rfxank,Mon1a,0.001910030699653772,1
Med6,Yars2,0.0019164564681351992,1
Ddx1,Cct2,0.0019170095198951164,-1
Bclaf1,Gtf2h1,0.001918407445927729,-1
Foxa1,Sdc1,0.0019230923858858892,-1
Bhlhe40,Parp9,0.0019269899794672565,-1
Maf1,Apof,0.0019325754539821988,1
Pias2,Il4ra,0.0019332850365745109,-1
Irf7,Igtp,0.0019344687375771985,1
Zfp1,Mettl3,0.0019347973095725998,-1
Epas1,Gpx3,0.001935080940667751,-1
Nr1i2,Iqgap2,0.001946812108375134,-1
Adnp2,Smpd4,0.0019574290399259862,-1
Nr1i2,Saa2,0.001962069266199275,-1
Mbd3,Pin1,0.001962534218478088,1
Calcoco1,Ptprb,0.0019672399229106216,-1
Arnt,Mrpl48,0.001973000905440334,-1
Naca,Eif3d,0.001975475953945372,-1
Klf11,Mrpl15,0.001993532681542594,1
Mbd3,Dcakd,0.0019957236294259164,-1
Wbp7,Rnf216,0.001999801522960337,-1
Rora,Hfe,0.002006886682035677,-1
Pknox1,Csnk2b,0.0020080696569103698,-1
Nr1i2,Cyp2d10,0.002012068222526739,-1
Tbl1xr1,Prpf38b,0.002020507121185459,-1
Nr1h2,Rwdd4a,0.002022597473338277,-1
Naca,Sf3a3,0.002027815053493752,-1
Foxp4,Ctdnep1,0.002030860223810512,1
Hnf4a,Acot4,0.002036305335966205,-1
Srrt,Edc4,0.0020394400212196424,-1
Tmpo,Med14,0.0020423290336014704,1
Ilf2,Magoh,0.002048095934217031,-1
Tcea3,Ddo,0.0020567147600436316,-1
Ilf2,Eif3d,0.0020572585401381436,-1
Nr1i2,Tmprss2,0.0020666589269415937,1
Rbmxl1,Nup37,0.002066720830667523,-1
Zbtb16,Prim1,0.0020701200249617527,-1
Nr1d2,Scamp1,0.002083986529661636,-1
Creb3l3,Pbld2,0.002094127533898535,1
Arid4b,Mynn,0.0021062952999573907,1
Mynn,Arid4b,0.002106295299957444,1
Klf12,Ugt2b1,0.0021231763898036018,1
Hdac3,Poc1a,0.0021237221215325594,-1
Trim28,Akr1c14,0.002124615431981205,-1
Junb,Tapbp,0.002125925073103133,-1
Nr1h3,Proz,0.0021291612805361937,-1
Zfp422,Srsf4,0.002140270282787087,1
Tmf1,Appl1,0.0021405193398476977,-1
Usf2,Nupl1,0.0021448066389684103,1
Topors,Hnrnpf,0.002146772409507358,-1
Zfp292,Tra2b,0.002151384304773168,-1
Chd1,Zfx,0.0021551792605178964,-1
Zfx,Chd1,0.0021551792605179272,-1
Esr1,Fam176a,0.002157285935156766,-1
Mef2d,Mgrn1,0.0021709940065601464,-1
Zfp750,Cgnl1,0.002178840911496977,1
Med6,Wdr70,0.0021919693617976094,-1
Med6,Spata5,0.0021932825336871,1
Ctnnb1,Sfxn2,0.0022023243731508647,-1
Rela,Impa1,0.0022159891853007108,-1
Zzz3,5830433M19Rik,0.002216596514337618,-1
Ddx58,Pkdcc,0.0022233494502851663,1
Hnf4a,Tstd1,0.002225732872585109,-1
Hnf4a,Rab17,0.0022346675558571104,-1
Ilf3,Impdh2,0.0022469100848698065,-1
Tfam,1110008L16Rik,0.002247737130179226,1
Klf12,Kcnn2,0.002257159977589227,1
Rnf6,Slc37a3,0.002260277028126941,-1
Gatad1,Trmt5,0.0022651871080244597,-1
Hnf4a,Tmem102,0.002266183796876757,-1
Zzz3,Tomm20,0.002267137151264151,1
Hnf4a,Cyp4f14,0.002269642534238805,-1
Zbtb24,Fam179b,0.002275422510129128,-1
Zbtb24,Ttc19,0.002275422510129128,-1
Zbtb24,Tti2,0.002275422510129128,-1
Zbtb24,2310004I24Rik,0.0022754225101291486,-1
Thra,C4bp,0.00228394817479799,-1
Atoh8,Inmt,0.0022898631550280378,-1
Nr1i2,Rnf186,0.002295580393484415,1
Zfp639,Atp8b1,0.0022960763893164773,1
Zfp110,Slc9a1,0.002297812171001567,-1
Tfam,Abcb7,0.0023046545973502397,-1
Hnf4a,Tmem30b,0.0023068328774614325,1
Hnf4a,Ces2a,0.0023090312242908,-1
Zfp280c,Zfp266,0.0023109038545731657,-1
Drap1,Man1b1,0.0023214198441184257,-1
Tmpo,Srsf1,0.002332446142061036,-1
Camta2,Scamp2,0.002342849545983961,-1
Rbmx,Atad2,0.0023436885040226283,1
Esr1,Nqo2,0.0023454669239189366,1
Ncor2,Cycs,0.0023471269248199265,1
Arid4b,Arl13b,0.0023574963104139495,-1
Kdm5a,Zfp53,0.002361828213889942,1
Sin3a,Gabpb1,0.0023635838565978996,1
Gabpb1,Sin3a,0.0023635838565979382,1
Hmg20b,Mlf2,0.002367115720627045,-1
Rxrg,1190005I06Rik,0.0023787566965545372,1
Ilf2,H2afx,0.002387885209008172,-1
Nr1h4,Hnf4a,0.0024000628797814956,-1
Hnf4a,Nr1h4,0.00240006287978152,-1
Kdm5b,Trim28,0.0024013362702767537,-1
Trim28,Kdm5b,0.0024013362702768114,-1
Tfdp1,Mettl7a1,0.0024098852608144127,-1
Rere,Gm608,0.002413676658575121,1
Hnrpdl,Naa38,0.0024187757420457983,1
Med1,Setx,0.0024209211804007346,-1
Sall1,Cldn14,0.0024268693510137674,1
Irf7,Irgm2,0.0024284647277181886,1
Hnf4a,Apoa1,0.002466394103068279,-1
Hnf4a,Entpd8,0.0024761978061758486,-1
Ppp1r8,Itm2b,0.0024868216387150623,-1
Hnf4a,Hmgcl,0.0024868543809640625,-1
Pnn,Cwc22,0.0024899018843194494,-1
Irf6,D630039A03Rik,0.002494283056444957,1
Esr1,Fggy,0.0025158311285919254,1
Hnf4a,Naprt1,0.0025194871480803322,-1
Zfp110,Zfp955a,0.002532335347819747,1
Wbp7,Mmachc,0.002533655153162214,-1
Klf9,Cdt1,0.0025473401947201076,-1
Phf21a,Akap1,0.0025533617168849265,1
Tbx3,Pcsk5,0.0025648299132279076,-1
Nr1i2,Gpr39,0.002568917374597834,1
Smarcc1,Cdk4,0.002577367398681655,-1
Vps72,Rwdd4a,0.0025789624697862687,1
Zkscan14,Parp6,0.0025864030959790786,1
Gabpa,Dld,0.002592964789325807,1
Rxra,Sumo1,0.0025932186671299025,1
Nr3c1,Stmn1,0.002593874530692085,1
Trim27,Asxl1,0.0025977802109404596,-1
Smarcc2,Pde12,0.0025990109273088843,-1
Prox1,Tfr2,0.002600360770812778,1
Zfp292,Atrx,0.002609179370898121,-1
Smarca5,Supt16h,0.002611348397358298,-1
Rbmx,Brd9,0.0026195681105608904,1
Zfpm1,2510009E07Rik,0.002620220896318351,-1
Zfpm1,Ppp2ca,0.0026208370659850494,1
Hnf1b,F13b,0.0026216016286362276,-1
Klf11,Ppa1,0.002626416087244936,1
Gtf2b,Sec23b,0.0026276019448932303,-1
Irf2,Casp8,0.002629017907736234,1
Ilf2,2610029G23Rik,0.0026298055072351834,-1
Hmg20b,Sbf1,0.002631686037518425,-1
Hnf4a,Ehhadh,0.0026421406147870813,-1
Arid4b,Zdhhc20,0.0026474425942615586,1
Deaf1,Suv420h2,0.0026518497722161885,1
Gtf2b,St3gal3,0.0026541697840759574,1
Set,Stmn1,0.0026556059957335005,-1
Ddx20,Gins1,0.0026576535691847114,-1
Psip1,Ccdc90a,0.002666395142691861,1
Ddx20,Usp1,0.0026725945823363752,-1
Vps72,Cdc42bpb,0.002683623580140443,-1
Klf9,Dnmt1,0.0026845508291946305,-1
Gtf2e1,Nubpl,0.0026930289990322554,-1
Chd4,Csnk2a1,0.0026934993938811263,-1
Ash2l,Rpa2,0.0027089530341155863,-1
Zbtb24,Rpusd4,0.002711305443898805,-1
Cnbp,Hnrnpa3,0.0027183477683240006,-1
Bcl6,Ephx1,0.0027246707706138334,1
Ppp1r8,Wdr82,0.002739102303040895,1
Set,Mcm5,0.0027513061262684933,-1
Vps72,Stra13,0.00275144792607306,1
Hnf4a,Pklr,0.002752112372301044,-1
Rybp,AI464131,0.002755887319853371,1
Hnf4a,BC025446,0.0027572099874803788,-1
Klf9,E2f3,0.002762978580098307,-1
Ppp1r8,Magoh,0.002769210033962445,-1
Naca,Magoh,0.0027730691069843207,-1
Rnf6,Zfp612,0.002773347507560615,1
Esr1,Nit2,0.0027805056931245785,1
Gabpb1,Baz1a,0.002783730366503985,-1
Nr1i2,Casp7,0.002785192881653545,-1
Zfp800,Zfp51,0.0027894802285177976,-1
Safb,Fbxl15,0.0027900165862637977,-1
Nolc1,Cep76,0.002796027689965066,1
Tcf3,Lsm2,0.0028117902250214383,1
Med6,Wdr92,0.002814299991868746,1
Deaf1,Tubgcp6,0.0028230635942704495,1
Hmgb2,Hnrnpu,0.002825296193217855,-1
Med6,Mnat1,0.0028256168356805248,-1
Zfp39,Zfp189,0.002828427986477469,-1
Hnrnpk,Zzz3,0.002833706332840495,-1
Zzz3,Hnrnpk,0.0028337063328404987,-1
Hsf1,Ctdnep1,0.002840385147540482,1
Smarce1,Hnrpdl,0.00284232855521224,1
Zfx,Gabpb2,0.0028501986538270424,-1
Maf1,Akr1c6,0.002855215350454748,1
Zfp654,Tmf1,0.0028577537802853825,-1
Tmf1,Zfp654,0.0028577537802854255,-1
Atoh8,Fgf1,0.0028586989978323187,-1
Gtf2e1,Pus3,0.0028587056822105537,-1
Hnf4a,1110038D17Rik,0.002858954674824737,1
Whsc1,Stmn1,0.002863544211422409,1
Rnf10,Psip1,0.002878092263581903,1
Gtf2e1,Nop16,0.002878696232341212,1
Lin54,Dbr1,0.002890873371254532,-1
Rnf6,Katna1,0.0028936180159057096,-1
Ddx1,Taf9,0.002900341753794153,-1
Taf9,Ddx1,0.002900341753794153,-1
Cic,Mob1b,0.0029053687429949756,1
Ilf2,Rplp2,0.0029108312068338482,-1
Ing2,Tulp4,0.0029164929885655195,-1
Hlf,Hgd,0.0029290881226404224,-1
Bdp1,Rictor,0.0029306236312329798,-1
Gata6,Slc38a4,0.002950744724072373,-1
Maf1,Qprt,0.002953209308361957,1
Zfpm1,Mfsd2a,0.002960655170126369,1
Nr5a2,Iqgap2,0.0029622390338438476,-1
Hdac4,Ctdnep1,0.002971899831208776,-1
Esr1,Etnk2,0.002999756144544855,1
Zfp110,Faim,0.0029999808908718374,-1
Sarnp,2410127L17Rik,0.003007643685330321,-1
Klf13,Mknk2,0.0030252124616266694,-1
Klf12,Bckdhb,0.0030256733137915153,1
Zfp750,Slc17a2,0.0030285599170445593,1
Gtf2b,Dctn2,0.0030382807586178486,1
Smarcal1,Zfp27,0.00303892466341504,-1
Pa2g4,Sae1,0.0030693883852508505,-1
Rfxap,Gtf3c4,0.0030984512435216225,1
Tcea3,Acacb,0.0030997856151234616,-1
Zfx,Snx5,0.0031125155760270474,1
Zfp384,Dpf2,0.0031125564215568136,-1
Drap1,Cyhr1,0.003118763810355271,1
Klf12,Aadat,0.003123086363293714,1
Zfp280c,Topbp1,0.003140543155607025,-1
Atf1,Xpo1,0.003154622801270605,-1
Mbd3,Alkbh7,0.003155295320991264,1
Hnf4a,Enpp3,0.0031633428519704863,-1
Nr1i2,Sult1b1,0.0031650521672694134,-1
Cic,Sf3b4,0.0031749247365563484,-1
Klf12,Gckr,0.0031790551019146847,1
Hmgb2,A230050P20Rik,0.0031817708017884165,-1
Atf1,Hnrnpa3,0.0031832788904875265,-1
Hdac3,Tpi1,0.0031851889885861112,1
Cxxc1,Rps6kb2,0.0031891127488001,-1
Nfya,Sfxn2,0.003195696085469756,-1
Gtf2e1,Nup37,0.003201496441231449,1
Smad4,Lcat,0.0032099286025478323,-1
Safb,Fam126a,0.003214765310835979,-1
Crebzf,Mtcp1,0.0032206784480134907,-1
Hnrnpab,Lmnb1,0.003222410704259557,1
Preb,Necap1,0.0032315321365360113,-1
Rnf141,Slc25a32,0.0032448927557241544,-1
Csda,Rpl18a,0.0032450324255807374,-1
Csda,Upb1,0.0032536861237072493,-1
Rbbp5,Tsn,0.0032574774904534382,1
Hnrnpk,Cyp27a1,0.0032635305942544817,1
Naca,Rpl7,0.0032727058822695533,-1
Prox1,Slc17a3,0.0032746477744309134,1
Gtf2e1,Uba2,0.0032772679575609064,1
Esr1,Acsm1,0.0032773565101034516,1
Hnf4a,Sult1b1,0.0032783268550762,1
Esr1,Agxt2l1,0.0032853998428881473,1
Cxxc1,Sirt4,0.003294256907579756,-1
Bahd1,Ces1e,0.0033058787357373486,1
Nr1h4,Slc17a3,0.0033066577840146047,-1
Zfp384,Mettl3,0.0033444881853437343,1
Zfp120,Srp72,0.0033505007514673764,-1
Med6,Gins4,0.003366895881192952,1
Bclaf1,Wdr43,0.0033688499229721325,-1
Rbmxl1,Rps8,0.0033716100623677357,1
Tfdp1,Ilf2,0.003384161539576511,-1
Edf1,Cib1,0.0033861497178062977,1
Hinfp,Slc4a7,0.0034051312760475802,-1
Hnf4a,Ugt2b5,0.003414345762995777,-1
Zzz3,Rfwd3,0.0034375804196026716,-1
Taf7,Rev1,0.0034417273376684196,1
Gtf2a1,Dimt1,0.003444938328858703,1
Drap1,Smtn,0.003461415252663328,1
Phf21a,Ythdc1,0.0034626516370732077,-1
Hnf4a,Tmem82,0.003482975246775932,-1
Esr1,Tat,0.003496450401937601,1
Zfp524,Grb7,0.003499906071532633,1
Usf2,2410042D21Rik,0.003503641568377291,-1
Hnf1b,Kcnk5,0.003519678296960914,-1
Nfyb,Yars2,0.003520370396981751,1
Nolc1,Adsl,0.0035263137557163564,-1
Tcea3,Pccb,0.0035389366631358343,-1
Nr1d1,2700029M09Rik,0.003545505681115929,-1
Zfx,Mitd1,0.003553003660150782,-1
Zfp110,Tecr,0.0035547926238651164,-1
Tada2a,Ipo9,0.0035550996161288094,-1
Nkap,Enox2,0.0035638716475314067,-1
Nr1i2,Cldn3,0.0035702917215827685,1
Zhx3,Abca6,0.003575963019733062,-1
Rorc,Mtap1s,0.00359843860031622,1
Chd1,Zfp472,0.0036057885350443434,-1
E4f1,Rabep2,0.0036320103274165,-1
Vps72,Tox4,0.003642810406001252,-1
Hltf,Ubtd1,0.0036441803982192817,-1
Arid4b,Asxl2,0.003648144370588646,-1
Hnf4a,Ethe1,0.0036549836160593837,-1
Ddx20,Snrpd1,0.003657277751053287,-1
Zfp518a,Gorab,0.0036586005793584862,1
Gtf2e1,Ube2v2,0.003660819627378718,-1
Phf21a,Dpf2,0.0036633987428817366,1
Nfkb2,Gmps,0.0036645924427237313,1
Zzz3,Rnf7,0.0036739775275445234,1
Klf9,Klf15,0.003683143728159385,-1
Hnf4a,Slc4a4,0.003688507485742546,-1
Nr1h3,Msra,0.0036965977046504463,-1
Tcea3,Mtus1,0.003696985620822826,-1
Zzz3,Mettl9,0.0036988632508370214,1
Zfp574,Bag6,0.0037094477828466337,-1
Hnf4a,Rbm47,0.0037126718664536825,-1
Npm1,Rps8,0.0037326533558943767,1
Cnbp,Ube2e1,0.0037507773107662993,1
Mier1,Ceacam1,0.0037688723754404274,-1
Psip1,Snrpa1,0.003773924645385179,-1
Hnf4a,Pcbd1,0.0037742097887509796,-1
Zfp148,Zfp326,0.003782285904728688,-1
Gtf2ird1,Degs1,0.00380610439835219,-1
Smarcc1,Fbl,0.0038180166690111586,-1
Gtf2f2,Gorab,0.0038186634496317077,1
Zfp326,Ubl7,0.0038197253092874333,-1
Nolc1,Tars,0.0038252890004055193,1
Topors,Utp23,0.003847067758665782,-1
Zfp1,Faim,0.00385248570507157,-1
Klf12,C8a,0.0038526234646772176,1
Prox1,F13b,0.0038570427980317424,1
Kdm1a,Uba2,0.0038652455305455036,-1
Med6,Psip1,0.003877419040399637,-1
Atxn1l,Polr3c,0.0038778397087121676,-1
Nr1h4,Keg1,0.003878292770296233,-1
Klf12,Rbp4,0.003882293144195189,1
Smarcc1,Snrpg,0.0038850867793487425,-1
Hnf4a,Hsd17b13,0.003885703051598878,-1
Hnf1b,Agxt2,0.003910278640295886,-1
Zzz3,Aes,0.003917877473433761,-1
Zzz3,Aes,0.003917877473433761,-1
Gtf2e1,Nmd3,0.0039260268115338,-1
Esr1,Masp1,0.003926604391180936,1
Zfp143,Zkscan6,0.0039273011530123825,-1
Zfp750,Esr1,0.003935108409452305,1
Zkscan6,Zfp472,0.003940952987512268,-1
Hmgb2,Mat1a,0.003953786615427173,-1
Phf21a,Brd9,0.003956114406200466,1
Taf5,Ddx11,0.0039585928474403015,-1
Hmgb2,Gnmt,0.003961057818653539,-1
Hnf4a,Pcsk9,0.003966874578481989,-1
Prox1,Keg1,0.003970027177358025,1
Hnf4a,Lgals4,0.003970268021692354,-1
Rbmx,Ctbp1,0.003971374511630172,1
Gtf2e1,Rbmxl1,0.0039724687258608045,1
Nr1h4,Cyp2j5,0.003975303865724848,-1
Cnbp,Cfdp1,0.0039757069848376896,-1
Arid4b,Kdm5a,0.0040035988503331135,1
Kdm5a,Arid4b,0.004003598850333123,1
Trim27,Rbm17,0.004016706055874456,-1
Vps72,Sod1,0.004030468295338332,-1
Nr1i2,Slc39a4,0.004054817309939443,1
Hnf4a,Dnajc22,0.004058564104211236,-1
Nfya,Dhx40,0.004076689562156635,-1
Epas1,Ddx39,0.004091492592961988,-1
Hnf1b,Bhmt2,0.004092592533391063,-1
Hnf1b,Rpa1,0.004095950815242131,-1
Klf12,Tfr2,0.00409631540694411,1
Hnf4a,Abcc6,0.004101017280340625,-1
Ddx1,Mki67ip,0.004110280501155704,-1
Rxrg,Pacsin3,0.0041161360961661,-1
Pias1,Arid4a,0.004127826102411575,-1
Mier1,2310035C23Rik,0.004135405337377678,-1
Atxn1l,2310035C23Rik,0.004135405337377678,-1
Nr1h4,Ttc36,0.004139068278990774,-1
Zfp263,Prpf38b,0.004146633315783885,-1
Foxp4,Vps72,0.004150037877309956,1
App,Gltp,0.004161577684436099,-1
Nfia,Peli2,0.004164847871590671,-1
Rest,Tssc4,0.0041818247198815465,1
Mterfd1,4930453N24Rik,0.00418337529000224,-1
Tcea3,Acad11,0.004184411115476777,-1
Zhx3,Ido2,0.004184612924012392,-1
Snapc1,Dph3,0.0041948949875873975,-1
Tcea3,Ppara,0.004200813449631892,-1
Grlf1,Map1lc3a,0.004215231492542815,-1
Fubp1,Ddx42,0.0042500055328629745,-1
Esr1,Slc17a2,0.004288738213686049,1
Lin54,Cdk12,0.004290230185773285,-1
Zbtb16,Ablim3,0.004296066381203866,-1
Hnf4a,Elmo3,0.004297636638546332,-1
Lin54,Snrnp48,0.00429785200917718,-1
Gabpa,Tmem33,0.004318424353853042,1
Prox1,Fads6,0.004322379172317328,1
Hnf1b,AI317395,0.004323090366991516,-1
Drap1,Hnrnpa3,0.004324697043843839,1
Vps72,Zfp955a,0.004331993164200524,-1
Zhx3,Cyp2j5,0.004336067701538359,-1
Kdm3a,Pex11b,0.004337407852363059,-1
Zfp280c,Luc7l,0.004339744918232983,-1
Rere,9430016H08Rik,0.004344527395322452,1
Tardbp,Prpf4b,0.004363162432624825,-1
Bcl6,Uck2,0.004366463194306985,1
Hnf4a,Sema4g,0.004373558132086624,-1
Gabpb2,Esco1,0.004375002854002685,1
Stat5a,Vac14,0.004383896264221331,-1
Ddx20,Topbp1,0.004388382779051265,-1
Mecp2,Ppp2ca,0.004404878949004288,1
Smarcc1,Dkc1,0.004438976923368501,-1
Hnf4a,Apol7a,0.004440970361558187,-1
Phf21a,Nup153,0.0044496457465696675,-1
Irf7,Psmb10,0.004453093454710965,1
Gtf2e2,Uba2,0.004455457308424156,-1
Irf2,H2-D1,0.004458055626544646,1
Atf1,Cnbp,0.004460504716945146,1
Smarcc1,Noc3l,0.004473232660790775,-1
Hmgb1,Rps3a,0.004477289532766327,-1
Atf5,Krt8,0.004509022940357007,-1
Ing2,Mknk2,0.004512665390615958,-1
Sod2,Pxmp2,0.004518933341552456,1
Nr1i2,Ak2,0.004529024250566707,-1
Klf9,Prim1,0.004530087669462065,-1
Bdp1,Ddx42,0.004534016454118989,-1
Mta2,Pde3b,0.0045371682248753886,-1
Pbrm1,Vbp1,0.004538015348175518,1
Nr1h4,AI317395,0.004551310913540717,-1
Klf15,Fzd4,0.0045601900610335346,-1
Rbck1,Fbrs,0.004562258044013326,-1
Chd4,Ctcf,0.004567633716494925,1
Ctcf,Chd4,0.004567633716495522,1
Creb1,Slu7,0.004586553850996808,-1
Pias4,Fmnl2,0.004614076994752283,-1
Taf5,Rfc4,0.004618695299763461,-1
Rbmxl1,Nap1l1,0.00461951720994906,-1
Hnf4a,Ugt2b36,0.004631272532913405,-1
Nr1i2,Elmo3,0.0046389353986594,-1
Gtf2e1,Tmem209,0.004647708498035857,-1
Sall1,Aldh8a1,0.004650346277282026,1
Gtf2e1,Nvl,0.004655621659862302,1
Hnf4a,Agphd1,0.004661891707508867,-1
Nolc1,Pelp1,0.004666778921231553,-1
Esr1,Ugt2b37,0.004666981933879219,1
Zkscan1,Ltn1,0.00467109997116772,1
Hnf4a,Pde9a,0.004684150793503804,-1
Drap1,Spop,0.004685526567414255,-1
Hnf4a,Saa1,0.004690581523649493,-1
Hnf4a,Glyat,0.004698824086933361,-1
Terf2ip,4933411K20Rik,0.004736329122962128,-1
Hnf4a,Dak,0.004751509141300754,-1
Zfp326,Hnrnpa3,0.00475804778599648,-1
Sall1,Agxt2,0.0047609983094649,1
Sin3a,Rpap1,0.004770334740142533,1
Hnf1b,Ngef,0.004778062363696137,1
Arid4b,Phip,0.004782232855567777,1
Drap1,2810428I15Rik,0.004799468520186215,1
Cnbp,Rheb,0.0048012978092215365,-1
Smarcc1,Ranbp1,0.004811276993195159,-1
Sall1,Ldhd,0.00481336403245619,1
Zfp93,Abcf3,0.004831372988860159,1
Nr5a2,Ahcy,0.004839984058301516,1
Gtf2f2,Polr3c,0.004840983158429222,1
Gtf2e1,Mrpl1,0.004843329399381532,1
Hnf4a,Dhrs4,0.004846034338944844,-1
Smarcc1,Mcm5,0.004847494039278685,-1
Nr1h3,Cyp27a1,0.004849661064599366,1
Pias1,Ndufa10,0.004874313880773842,-1
Foxa3,Lsr,0.004896868540453082,-1
Vps72,Rhog,0.004913556589998655,1
Ddx20,Terf1,0.00494675645232456,-1
Trp53,Polr3b,0.004948082620098106,-1
Gtf2e1,Aasdhppt,0.0049578599941107904,1
Cnbp,Mcm4,0.004965684304281207,-1
Bptf,Ddx42,0.004976385872887063,-1
Ddx20,Pcna,0.00498244383100997,-1
Pa2g4,Aimp2,0.004995519275737108,-1
Pias1,Itsn2,0.005012550424097719,-1
Zfp326,5830433M19Rik,0.005020576138523833,-1
Sin3a,Rif1,0.0050257088428661304,-1
Klf9,Ddx39b,0.005026444086185442,-1
Tcf7l2,Lima1,0.005026924360136444,-1
Nfic,Fgfr4,0.005035142314267925,-1
Zfml,Orc5,0.005041845569414004,-1
Apex1,Alg8,0.005053321675466273,1
Ubp1,Tra2b,0.005068626529398617,-1
Drap1,Sqstm1,0.00507847975364582,1
Zfp524,Oplah,0.005080534757158387,-1
Ash2l,Nasp,0.005089103413899549,-1
Zfp191,Rnf141,0.005099477940209413,-1
Rnf141,Zfp191,0.005099477940209413,-1
Gtf2b,Pgls,0.005099545175137692,1
Zkscan1,Dclre1a,0.005107222888906607,1
Tcf7l1,Snx33,0.005141827514735203,-1
Prox1,Serpina3k,0.005164684532163103,1
Nr1d1,Vrk1,0.005165894826128001,-1
Hnf4a,Cps1,0.005172674214121157,-1
Zkscan14,Gm5617,0.005175167519631035,1
Atf6b,Senp2,0.005185538208462405,-1
Taf12,Stra13,0.005221833567705685,-1
Zfp653,2810428I15Rik,0.005225641439919442,-1
Sin3a,Exosc3,0.005226591746327803,1
Zfp93,Ctu1,0.005269663434782085,-1
Mybbp1a,Lsm2,0.005278592728217605,1
Klf12,Echdc3,0.005280658723499234,1
Irf1,Birc3,0.005288012653597493,-1
Hnf4a,Cyp2c68,0.005295761205168715,-1
Nolc1,Dhx29,0.005299941174655571,-1
Taf9,Mrto4,0.005303755625429524,-1
Hnf4a,Acy1,0.005322874184682183,-1
Phf21a,Zfp384,0.005324145336203329,-1
Zfp384,Phf21a,0.005324145336203462,-1
Chd8,Zfp622,0.0053249871453770305,-1
Mybbp1a,Rbm19,0.005339566100640455,-1
Srrt,Ddx11,0.005340815548398667,1
Klf11,Trim3,0.005354398835192549,1
Esr1,Tmem205,0.005358931202339665,1
Kdm1a,Ilf3,0.005369197819050019,-1
Cxxc1,Josd2,0.005379330527728314,-1
Srebf2,Mkl1,0.005383721471451269,-1
Dmtf1,Setx,0.005385889569468618,-1
Mysm1,Rbm5,0.00538849291056545,1
Prox1,Cyp2j5,0.005392970031427313,1
Hdgf,Utp3,0.005414801011013274,1
Creb3,Hadha,0.005418872335865573,-1
Ddx20,Rfc4,0.0054404651194517924,-1
Gtf2e1,Hat1,0.005442468315165335,1
Gon4l,Mtfr1,0.005445202878271618,-1
Calcoco1,Epas1,0.005457325146992559,-1
Zkscan17,Flot2,0.005460934501629284,-1
Gtf2f2,Crnkl1,0.005503299039366931,1
Hnf4a,A2ld1,0.0055170648728625205,1
Smad5,Bnip1,0.005519297588048505,1
Yy1,Smchd1,0.005526061214304532,-1
Hmg20b,Pef1,0.005528644381023512,-1
Nr1i2,Tmem30b,0.005535134734752064,-1
Atf1,Wdr11,0.005542393330578679,-1
Klf12,Apof,0.005562232136508602,1
Nfic,Wipi1,0.005571679653243905,-1
Hnf1b,Hpn,0.005589118269837141,-1
Sin3a,Nup155,0.005592680060589038,1
Csda,Rpl10a,0.005616911407699411,-1
Zfpm1,Slc27a2,0.005635931769834926,-1
Mll2,Chmp3,0.00563708728781781,-1
Prox1,Bhmt2,0.0056374009852355736,1
Klf11,Esam,0.00564305061545801,1
Preb,Sec16a,0.005670477173198814,-1
Apex1,2410018M08Rik,0.005690580778131834,-1
Zfp654,Fam120b,0.005692358680656097,-1
Hnf4a,Otc,0.005692360553944603,-1
Trim27,5930416I19Rik,0.005695456770457156,-1
Taf9,Ddx20,0.0057100616294585614,-1
Zfp367,Krr1,0.005714190114853402,-1
Med6,Strap,0.005717582366546498,1
Gtf2e1,Nup54,0.005724647921992735,1
Esr1,Echdc3,0.005726994603430908,1
Dmtf1,Rps6kb1,0.005739793508038825,1
Hnf4a,0610040J01Rik,0.005741774602825861,-1
Pias2,Polr2b,0.005752051641298948,-1
Gabpa,Rnft1,0.0057530788733327854,-1
Creb3l2,Cyp2d12,0.005753502797359949,-1
Sin3a,Trmt2b,0.005760447643103321,1
Foxa3,Cyp2d10,0.005768137373431023,-1
Prox1,Mup3,0.005774511718454469,1
Rbmx,Actl6a,0.005781359740115042,1
Gon4l,Ctbp1,0.0057826480655478905,-1
Gmeb2,Ctbp1,0.0057826480655478905,1
Ybx1,Dhdds,0.005784999616287719,-1
Bcl3,Il13ra1,0.00578539100657906,-1
Zfp263,Morc3,0.005829576056578606,-1
Foxn2,Mitd1,0.005832762944088443,-1
Zfp281,Scamp2,0.005834189215293738,-1
Gtf2e1,Mettl4,0.0058342011097758766,-1
Atf1,Hcfc2,0.0058371403348705785,1
Nr0b2,Bbox1,0.0058417823621811,-1
Nkrf,Cand1,0.005851279395044285,-1
Kdm5a,Cog5,0.005865747275157277,1
Sin3a,Tmem209,0.005877481862558276,1
Klf9,Mettl7a1,0.005880262424893137,-1
Mybbp1a,Psmc5,0.005882232727349682,1
Vps72,Cfl1,0.0058896336640727786,-1
Nono,Rnps1,0.005897957924244665,1
Bdp1,Tmf1,0.005902312025151359,-1
Tmf1,Bdp1,0.005902312025151418,-1
Zfp750,Mrap,0.005930884762813288,1
Arid1a,Rnf44,0.00593410612463593,-1
Prox1,Lcat,0.005936159295293541,1
Chd4,Bptf,0.005936488871269217,-1
Bptf,Chd4,0.005936488871269455,-1
Prox1,Aadat,0.00594749453878666,1
Nr1i2,Papss2,0.005948430382559048,-1
Rbmx,Ncapd3,0.005950574403407459,1
Zfp110,Cfl1,0.0059543032651011,-1
Esr1,Lcat,0.005967612766356388,1
Maf1,Slc17a1,0.00597396637546186,1
Ash2l,Hat1,0.005975794684801022,-1
App,Gpt2,0.005983167532588138,-1
Hnf4a,Rgn,0.0059848588871131295,-1
Zfp750,Lcat,0.005985693175932142,1
Nr1i2,Dsc2,0.0059862268399346235,-1
Hlf,Cyp1a2,0.0059863530022539364,-1
Klf15,Lims2,0.005986889831568439,-1
Hlf,Cpn2,0.005995072193830113,-1
Thoc1,Npat,0.006012424504324689,-1
Nr2c2,Thoc2,0.006014368815904822,-1
Zfp39,Usp30,0.006029016081646582,-1
Klf9,Cenpa,0.006030629550579077,-1
Zfp750,Serpina3k,0.006033585537878885,1
Hmg20b,Hadha,0.006043355683636563,-1
Psip1,Cetn2,0.006049898017090912,1
Med6,Bcas2,0.006070614985372112,-1
Irf7,Slc39a4,0.006080480259483138,-1
Zfp553,Taf1d,0.006092297246186539,-1
Klf12,Upp2,0.006101172838703279,1
Nfkb1,Stk17b,0.006124978888240791,-1
Phf21a,Zcchc11,0.0061316358537379274,-1
Mbd3,Rad23a,0.006144383547366803,1
Ing2,Fip1l1,0.006166037797162549,-1
Snai2,Ppapdc2,0.0061810536300211305,-1
Nfe2l2,Igsf5,0.006182644333199668,-1
Zfp326,Ythdc1,0.0061926715256662036,-1
Hnf4a,Ugt2b34,0.006194278110129588,-1
Zhx3,Aspdh,0.006199979354590874,-1
Klf11,Prrc2b,0.006204294609454128,1
Mbd3,Fance,0.006211785783058574,1
Csda,Rapgef4,0.006215804610480406,-1
Gabpb1,Sec61a2,0.006220235497215113,1
Sall1,Aadat,0.006251553222290684,1
Esr1,Apom,0.006254875593597615,1
Ppard,Gale,0.006257128421421958,-1
Abt1,1810048J11Rik,0.006260572292946466,-1
Sin3a,Sdad1,0.006305626902368028,1
Hnf1b,Ugt3a2,0.006313153091016202,-1
Npm1,Hnrpdl,0.006323541509926128,1
Rbmx,Mtf2,0.0063317098238680454,1
Nr1i2,Pde9a,0.006341615846747732,1
Dnmt1,Tmem56,0.006344401645392678,-1
Zfp384,Riok1,0.006356147999483142,-1
Hnf4a,Cpn1,0.006386017979939521,-1
Zfp672,Ccdc41,0.006392508410811884,1
Hnf4a,Hgfac,0.0063973731323359005,-1
Mef2a,4931406P16Rik,0.006413452645532339,-1
Foxa3,C4bp,0.006416409204980323,-1
Klf12,Akr1c6,0.006432804102752484,1
Ilf2,Toe1,0.006439277056058546,-1
Irf7,Herc6,0.006443763063890165,1
App,AU022252,0.006463147003370372,-1
Drap1,Chordc1,0.006486960052064551,-1
Nono,Gm5617,0.00649897936037335,1
Wbp7,Yars2,0.006520528990784959,-1
Mbd3,Rrp1,0.0065235995831683085,1
Esr1,Cyp2d9,0.006539506205099686,1
Set,Snrpg,0.006540149093841675,-1
Taf1,Ssb,0.006546444698278608,-1
Esr1,Lrrc3,0.006551045209413965,1
Nfatc3,Zfp53,0.00655126028844965,1
Hnf4a,Erbb3,0.006552416861813361,-1
Nr1h3,Gm6484,0.006576955135994632,-1
Cnbp,Ncbp2,0.006580865658694567,1
Thrb,Slc17a1,0.006585442662011982,1
Ncor2,Akr1c13,0.006592106275692172,1
Maf1,Dazap2,0.006592873855829076,1
Nr1h4,Aldh8a1,0.0066017431595981856,-1
Zfp367,Tceb1,0.00662305139479727,1
Nkap,Rngtt,0.0066302574911982996,1
Sin3a,Hspb11,0.006637170503972142,1
Foxa3,Sult1b1,0.0066460506937475695,-1
Gtf2e1,Xpo1,0.006649652159863166,1
Tfcp2,BC018242,0.0066562881345481,-1
Hnf4a,Iqgap2,0.006657285620046569,1
Hnf4a,Acox2,0.006660404754890134,1
Nono,Hnrnpa1,0.006690977775853403,1
Zfp750,Cyp2d10,0.00669503141439357,1
Atoh8,Olfml1,0.006726211294254348,-1
Gpbp1,Stag1,0.00674035363106615,-1
Esrra,Mgam,0.006742284036388538,1
Nr2f2,Col3a1,0.006744536955451247,-1
Zkscan14,Fat1,0.006751599111967535,1
Prox1,Fbxo3,0.006752547324312518,1
Taf12,Extl2,0.006757657106221172,1
Nr1h4,Entpd5,0.006776362910824515,-1
Thap11,Cops8,0.00679649406272083,-1
Hnf4a,Cml5,0.006798036910350806,-1
Hnf4a,5033411D12Rik,0.0068004835868246275,-1
Purb,Dhtkd1,0.006803787552197815,-1
Nr1h4,Rnf186,0.006816038491471915,-1
Zfp280c,Pfas,0.006826197401430741,-1
Zbtb6,Wdr20a,0.006829118353016887,-1
Gabpb2,Phip,0.006830686581225552,1
Kdm3a,Mtf2,0.006837100196852585,-1
Zbtb16,Hp,0.006844962740203497,-1
Nr1h4,Tat,0.006858032067867928,-1
Prdx5,Il13ra1,0.006864970353340357,1
Kdm1b,Saa1,0.006866216558095741,-1
Nr5a2,Dnajc22,0.006866410608329489,-1
Zfp652,Ercc5,0.006874654173419571,-1
Esr1,Timd2,0.006878591631191821,1
Fosl2,Slc6a8,0.00688097885978242,1
Trim28,Tsen34,0.006884727510694508,-1
Bdp1,Setx,0.006890325072796255,-1
Sin3a,Xpo7,0.0068990096240931,1
Nono,Dnajc4,0.006900338319201088,-1
Foxa1,Sult1b1,0.006910369927854141,-1
Nfat5,Ambra1,0.00692198416635624,-1
Gtf2e1,Nup155,0.0069256781724085625,1
Hnf4a,Ddc,0.006936811330330906,-1
Nr1h4,Fmo4,0.00693955717746751,-1
Nr1h4,Sult1b1,0.006953065959975419,-1
Mbd3,Lsm10,0.006955895375547453,1
Esr1,Lrit1,0.006961102540504956,1
Bcl6,Mcm2,0.006962440528219389,1
Hnf4a,Pipox,0.00698864142191139,-1
Nr1h4,Agxt2,0.006990267858819773,-1
Srrt,Mmaa,0.006991364617885543,-1
Srrt,Lrrc47,0.006991364617885543,-1
Hlf,Inhbe,0.007045166242182324,-1
Trim33,Bsg,0.007045966903504834,-1
Trim33,Bsg,0.007045966903504834,-1
Sin3a,Haus3,0.007046136867518353,1
Hmgb2,Lpin1,0.00704854395341692,-1
Tcf3,Mcrs1,0.007062688744163776,1
Hlf,Slc22a30,0.007066035664183796,-1
Taf13,Rnf216,0.007069735799054523,-1
Klf12,Tdo2,0.007076689199586705,1
Sall1,Slc17a3,0.0070907694185864244,1
Zfp39,Lztfl1,0.0071045942289257894,1
Thra,Mtfr1,0.007111556430272777,1
Irf6,Pcbd1,0.0071166595174267586,-1
Mbd3,Josd2,0.007130675721137475,1
Smarcal1,Extl2,0.007161165628697111,-1
Cnbp,Hmg20b,0.007167436139238072,1
Tfam,Strap,0.007171796748590317,1
Phf21a,Nxf1,0.007178352756213032,1
Tardbp,Phf6,0.007190794154154901,-1
Hsf1,Tsc2,0.007194881478391561,1
Whsc1,Ncapd3,0.0072330424610117655,1
Nr3c2,Pigr,0.007246460852604662,1
Gtf2e1,Cct5,0.00727625290657251,1
Zfp110,Stt3a,0.00728543827097016,-1
Zfp326,Brix1,0.007286745044352321,-1
Zbtb24,Chmp5,0.007295792238722782,-1
Topors,Nup160,0.007302210695385358,-1
Zfp770,Serbp1,0.007335938650369481,1
Maf1,Akr1d1,0.007341916943771109,1
Prox1,Asgr2,0.007346496083277226,1
Prox1,Ugt2b1,0.007359626158219527,1
Med6,Eef1e1,0.007368569903771761,-1
Hlf,Ugt3a2,0.007376340730151278,-1
Pbrm1,Eid1,0.007384695033590114,1
Prox1,Upp2,0.007400927416836486,1
Hnf1b,Rnf186,0.007412083688392132,-1
Nr5a2,Hsd17b13,0.007417701804373483,-1
Rybp,Dhx15,0.007430795922907118,1
Dmtf1,Kdm6a,0.007433082568658653,-1
Hnf4a,Kcnk5,0.00744501669815685,-1
Nr1i2,Srpk2,0.007446648299233643,1
Foxa3,Hpd,0.007446843833631579,-1
Ncor1,Lrba,0.007449556008298979,-1
Chd8,Birc6,0.0074610118521546,-1
Zfp292,Cnot2,0.007471637943965798,-1
Zhx3,Aadat,0.007484883721738084,-1
Nfil3,Mrap,0.007491414716684008,-1
Hnf4a,Upb1,0.007494295014158623,-1
Thra,Utp23,0.007500997841977758,1
Prox1,AI317395,0.007506810469209798,1
Ash2l,Prmt5,0.0075417283728736,-1
Nr3c1,Fas,0.007566282711028088,-1
Atf1,Mina,0.007575043074324202,1
Thoc1,Sirt1,0.007580478557493729,-1
Prox1,Ugt3a2,0.007589452753312484,1
Topors,Toe1,0.007591061777261632,-1
Sall1,AI317395,0.007602313186390211,1
Irf7,Gsdmd,0.007622467331157569,1
Cebpb,Ppp2ca,0.0076322278054157785,-1
Pml,Chd1,0.007638104874211277,-1
Zfp750,Slc45a3,0.0076429950633741545,-1
Gtf2e2,Npm1,0.007645164585252813,-1
Npm1,Gtf2e2,0.007645164585252822,-1
Rfxank,Zmym4,0.007646063136711525,1
Hnf4a,Gstm3,0.007650274193194753,-1
Mafb,Ctps,0.007660316969533607,-1
Vps72,Banf1,0.007663960319261455,1
Snai2,Il17rc,0.007672103444654118,1
Nr1i2,Lsr,0.007672951003028315,-1
Maf1,Ldhd,0.007680701451053058,1
Rfc1,Tmem209,0.007687226734475099,-1
Gtf2e1,Lrp10,0.007691213676226153,1
Foxp4,C030048B08Rik,0.00769220843256175,1
Zfp750,Mup3,0.007714685423866725,1
Rxrg,Kmo,0.007720861244379314,-1
Sod2,Kmo,0.007720861244379314,-1
Rbmx,Crebl2,0.007723505712946603,-1
Tmpo,2610528E23Rik,0.007736686457711514,-1
Taf4a,Pnn,0.00773780423514567,1
Pnn,Taf4a,0.007737804235145672,1
Zfp750,Adam11,0.007748761733886685,1
Nr1h4,Papss2,0.0077605404031986696,-1
Mterfd1,9430016H08Rik,0.007761178161106123,1
Foxa1,Eps8l2,0.007772119680959649,1
Hnrpdl,Zfp292,0.007847900718542298,-1
Zfp292,Hnrpdl,0.007847900718542298,-1
Zscan12,Denr,0.00785992680048956,1
Zzz3,Hnrnpm,0.007863877737876102,-1
Esr1,Slc22a30,0.007869797779118379,1
Ddx20,Kpna2,0.007888434704296043,-1
Zbtb16,Cdt1,0.007899789605730591,-1
Klf13,Cdc123,0.007928300715498337,-1
Nr5a2,2810459M11Rik,0.007945106800126004,-1
Nfatc3,Chd1,0.007962036936008254,-1
Nfib,Clp1,0.007962190137780881,-1
Zfp110,Zyx,0.007975044597806652,-1
Rbck1,Drap1,0.00797753117007524,-1
Irf6,Tmprss2,0.007990967796954693,-1
Chd8,Rps6kb1,0.007991538814015401,1
Maf1,Gys2,0.007992342026825552,1
Gtf2i,Grtp1,0.008025596536106037,-1
Hnf4a,Ces1g,0.008062884232430487,-1
Zfp191,Usp9x,0.008068990296744254,-1
Ddx20,Mettl4,0.008072557859095117,-1
Nr5a2,Ugt2b36,0.00807268027313764,-1
Hnrpdl,Sf3b1,0.008112271959613079,-1
Hlf,Cyp2c54,0.00812223962683712,-1
App,Nvl,0.008130524208902451,1
Calcoco1,Prelp,0.008133398133344214,-1
Sin3a,Gtf2e1,0.008154943994774509,-1
Zfp750,Asgr2,0.008172960994048052,1
Tbl1xr1,Nat2,0.008186366617161761,1
Prox1,Slc22a30,0.008198886732295643,1
Gtf3a,Cdc23,0.00820184332354116,-1
Hdac2,Eid1,0.008210406237995006,-1
Taf1,Atrx,0.008228766856438896,1
Sin3a,Mettl4,0.008237409024230178,1
Thrb,Glyat,0.008247872700860383,1
Nr1h4,F13b,0.008248281344277991,-1
Drap1,Vps4b,0.008267258236160337,1
Drap1,Vps4b,0.008267258236160337,1
Calcoco1,Gpr116,0.00827027285371668,-1
Ilf2,Swi5,0.008279549923773033,-1
Maf1,Slc17a3,0.008283257071578256,1
Med6,Prmt6,0.008297808981068976,1
Zkscan6,Zfp263,0.00831579908554607,-1
Zfp263,Zkscan6,0.008315799085546367,-1
Trim33,Ppp2ca,0.00832858264151888,-1
Gtf2ird1,Cdhr5,0.008338030484121909,1
Smarcc1,Tipin,0.008350846557296834,-1
Esr1,Sardh,0.0083525465821244,-1
Atf1,Hnrpll,0.008366633929346246,-1
Thra,Ing5,0.00837308653641214,1
Mybbp1a,Srfbp1,0.0083853486195809,-1
Rbmx,Znhit1,0.008385724078373437,1
Prox1,Glyat,0.008385909841612787,1
Bcl6,Cdk4,0.008413953531267884,1
Gabpa,Dnm1l,0.008444269773316316,1
Rbmx,Srsf7,0.008446284976783515,1
Deaf1,Tnfaip2,0.008455069736414193,1
Ddx58,1300014I06Rik,0.008455579096172661,1
Gtf2e1,Gnl3,0.008455791262233042,1
Prox1,Fggy,0.00845745209040419,1
Rfc1,Terf1,0.008457754659832055,-1
Nr1h4,Iqgap2,0.008473149425088663,-1
Foxa1,Lrat,0.008501423030205575,-1
Foxn2,Morc3,0.008509510988803726,-1
Srrt,Morc2a,0.008512135102488168,-1
Yy1,Znhit1,0.00853122665837922,-1
Gtf2e1,Pex12,0.008533010272680998,-1
Atf4,Zfp87,0.008536702915417048,-1
Atf4,Mycl1,0.008536702915417284,-1
Hnf4a,Cml2,0.008537183538609832,-1
Junb,Rpp30,0.008542121848585068,-1
Gzf1,AI317395,0.008543227689243153,1
Nr5a2,Ugt2b5,0.008558854766715135,-1
Gon4l,Ehmt1,0.008572584485096962,1
Adnp2,Eri2,0.00859931670517775,-1
Foxa3,Hnf4a,0.008601973988703458,-1
Hnf4a,Foxa3,0.008601973988703458,-1
Vps72,Mib1,0.008609647019717885,-1
Tcf3,Sod1,0.008628187557902681,-1
Ddx58,Cxcl16,0.00863303689404414,-1
Mybbp1a,Cpsf3l,0.008634219818066212,-1
Srrt,Ctbp1,0.008639979332179637,-1
Foxa2,Sec23a,0.00864678581766905,-1
Irf9,Birc3,0.008649836903516242,-1
Nfe2l2,Cda,0.008665911095683106,1
Prox1,Akr1c6,0.008679911039112151,1
Psip1,Eri2,0.008685957925023769,-1
Zzz3,Polr2b,0.008694818939735918,-1
Bclaf1,Sin3a,0.008701713346627024,-1
Srrt,Ube2o,0.008701922095389624,-1
Irf2,H2-Ab1,0.008730817652985088,1
Cxxc1,Ogfr,0.00873811128621779,-1
Cxxc1,Raf1,0.00873811128621779,-1
Rere,Pter,0.008738787415133226,-1
Nfkb2,Flii,0.008753439899794796,1
Smarcc1,Syncrip,0.008759019335013897,-1
Olig1,Slco1a4,0.00877293813806594,-1
Bcor,Khk,0.008786201301713977,1
Zfp143,Lin54,0.008798293022351624,-1
Lin54,Zfp143,0.008798293022351624,-1
Hnf4a,Fabp1,0.008827434553995435,-1
Hnf1b,Slc22a18,0.008831940825517949,-1
Esr1,B3galt1,0.00884063049694234,1
Dnajc2,Mrpl47,0.008882493114389826,1
Zfp750,Itih2,0.008883862578516036,1
Topors,Exosc3,0.008887529189944732,-1
Prox1,Aldh8a1,0.00888973294480149,1
Topors,Atad2,0.008906098022515055,-1
Phf21a,Phip,0.008974201625321834,-1
Zkscan14,Cnnm2,0.008982760599110764,1
Tfam,Shisa5,0.008989778199512589,1
Ash2l,Ruvbl2,0.008994723585227214,-1
Ruvbl2,Ash2l,0.008994723585227214,-1
Klf13,Mettl9,0.008996418147171148,1
Hnf4a,Slc17a1,0.009008191297691865,-1
Nfkb1,Ahcy,0.009009264069468954,1
Cnbp,Klc4,0.009027967479152936,-1
Prox1,Gc,0.009032294634569964,1
Zfp292,D19Ertd737e,0.009039311697709766,-1
Zfp750,Echdc3,0.00904959146830063,1
Ddx20,Mdc1,0.009061133960951647,-1
Smarcc1,Nop58,0.009067256085420508,-1
Klf12,Itih2,0.009075344709370556,1
Rbmxl1,Fkbp3,0.009089647463607476,-1
Whsc1,Zfp36l1,0.009091416065731824,-1
Zfp524,Thnsl2,0.009098334721244572,-1
Gabpb1,Nupl1,0.00910194181170661,1
Foxa1,Saa1,0.009125133763240497,1
Zfp263,Fam73b,0.00915897403745268,-1
Nr1i2,Tat,0.009168382967504154,-1
Mta1,Gna12,0.009187209814737682,-1
Nr5a2,Nr1i2,0.009238071316861253,-1
Nr1i2,Nr5a2,0.009238071316861315,-1
Prox1,C8a,0.0092384849110615,1
Nr1h4,C8a,0.009239289479408847,1
Hnf4a,Apob,0.009250235206626323,-1
Snai2,Gstm2,0.009253093708954488,-1
Cebpb,Cradd,0.009276772386627712,1
Sin3a,Nvl,0.009282069295547767,1
Sin3a,Dirc2,0.009285624273926202,1
Nr1h4,Bhmt2,0.009288872322301944,-1
Hnf1b,Cldn3,0.009327324977641646,-1
Prox1,Apof,0.009334358962203873,1
Crebzf,Dem1,0.009341519444836275,-1
Klf9,Nup43,0.009358485043344094,-1
Hlf,Agxt2,0.00936781644872541,-1
Maf1,Gulo,0.009373316772604248,1
Hnf4a,Habp2,0.009422215520770041,-1
Zfp292,Ankrd11,0.009441726917893774,-1
Kdm3a,Spata5,0.009481915210599013,-1
Hnf4a,Apoa4,0.009487321960712721,-1
Foxa3,Tat,0.009494932433539046,-1
Hltf,Zfp935,0.00949655811864197,-1
Wbp7,Gnb2,0.009498264479369498,-1
Topors,Mettl4,0.009513069333634624,-1
Nr1i2,Aqp8,0.009558110808284922,-1
Xrcc6,Sin3a,0.00955881257134395,1
Nr1h4,Hpn,0.009584762001815406,-1
Hltf,Rprd2,0.009594476291177944,-1
Nr1i2,2810459M11Rik,0.009596966455442536,-1
Klf13,Arap1,0.009621474248185196,1
Nr1h4,Tmprss2,0.009622254236089903,-1
Nr1i2,Eps8l2,0.009626031644093687,-1
Klf13,Atf1,0.009628982862270867,1
Hnf1b,Tmprss2,0.009634273506537235,-1
Hinfp,Socs4,0.00965302844330331,-1
Zzz3,Rlim,0.009671733832082773,-1
Topors,Nupl1,0.009701157930434884,-1
Purb,Aldh7a1,0.009702114987045183,-1
Foxa2,Casp8,0.009715488142352569,-1
Nfe2l2,Mgam,0.009716157547031165,1
Kdm2a,Myo9b,0.009716466744048202,-1
Epas1,Prim2,0.00971816611722468,-1
Set,Smc2,0.00972946833118433,-1
Klf9,Cdca3,0.00973021992844307,-1
Gtf2e1,Dimt1,0.00973205193875773,1
Ubp1,Srsf4,0.009736543463407799,-1
Zfp386,Pcm1,0.009789738848886639,-1
Tgif1,Mrps6,0.009801820996919026,1
Atf1,Gabpa,0.009803025189473636,-1
Gabpa,Atf1,0.009803025189473725,-1
Mafg,Wdr25,0.009810301275641774,-1
Nr1d1,Cbx1,0.009829536437142898,-1
Nono,Rpl13a,0.009831105218150981,1
Foxn2,Wapal,0.00984791398026972,-1
Irf6,Tmem125,0.00985030364007189,1
Med6,Eri1,0.00985641888351348,1
Nr1i2,Slc22a1,0.009864751930754406,-1
Zfp750,Agxt2l1,0.009893113447824483,1
Yy1,Zfp472,0.009905576786199468,-1
Irf2,H2-Aa,0.00991156308297291,1
Pias2,H2-K1,0.00991586101994448,-1
Rbbp8,Dcp2,0.009923427693156461,1
Pparg,Nr1h3,0.009924387121864062,1
Kdm5a,Pdpk1,0.009928792370858051,-1
Mef2d,2310067B10Rik,0.009929648767715432,-1
Vps72,Ndufa7,0.009939209562825057,1
Ash2l,Npepps,0.009944513856124836,-1
Hnf4a,Nags,0.009970671682279731,-1
Thrb,Slc22a30,0.009991672075559966,1
